Timestamp,Drive ESC 1 Temp,Drive ESC 1 RPM,Drive ESC 1 Current,Drive ESC 1 Consumption,Drive ESC 1 Voltage,Drive ESC 2 Temp,Drive ESC 2 RPM,Drive ESC 2 Current,Drive ESC 2 Consumption,Drive ESC 2 Voltage,Weapon ESC Temp,Weapon ESC RPM,Weapon ESC Current,Weapon ESC Consumption,Weapon ESC Voltage,Arm ESC Temp,Arm ESC RPM,Arm ESC Current,Arm ESC Consumption,Arm ESC Voltage,Battery Voltage,Total Current,Total Consumption,Signal Strength
18_30_08_972075,0,0,0.0,0,0.0,0,0,0.0,0,0.0,42.65,0,0.0,0.0,23.94,42.65,0,225.15,0.0,23.8,23.8,225.15,0.0,-107
18_30_08_975781,0,0,0.0,0,0.0,0,0,0.0,0,0.0,42.61,0,0.0,0.0,23.9,42.61,0,224.93,0.0,23.63,23.63,224.93,0.0,-106
18_30_08_976779,0,0,0.0,0,0.0,0,0,0.0,0,0.0,42.65,0,0.0,0.0,0.35,15.95,0,0.0,0.0,0.0,0.0,0.0,0.0,-107
18_30_08_980738,0,0,0.0,0,0.0,0,0,0.0,0,0.0,42.66,0,0.0,0.0,23.93,42.66,0,225.17,0.0,23.8,23.8,225.17,0.0,-107
18_30_08_984759,0,0,0.0,0,0.0,0,0,0.0,0,0.0,42.66,0,0.0,0.0,23.93,42.66,0,225.17,0.0,23.8,23.8,225.17,0.0,-107
18_30_08_985751,0,0,0.0,0,0.0,0,0,0.0,0,0.0,42.58,1,0.02,0.0,23.9,42.62,0,224.85,0.0,23.77,23.77,224.87,0.0,-107
18_30_08_989741,0,0,0.0,0,0.0,0,0,0.0,0,0.0,42.58,1,0.02,0.0,23.9,42.65,0,225.22,0.0,23.8,23.8,225.24,0.0,-106
18_30_08_993819,0,0,0.0,0,0.0,0,0,0.0,0,0.0,42.61,0,0.0,0.0,23.92,42.61,0,224.93,0.0,23.64,23.64,224.93,0.0,-106
18_30_08_998689,0,0,0.0,0,0.0,0,0,0.0,0,0.0,42.61,0,0.0,0.0,23.92,42.62,0,225.0,0.0,23.79,23.79,225.0,0.0,-106
18_30_09_000682,0,0,0.0,0,0.0,0,0,0.0,0,0.0,42.59,0,0.0,0.0,23.92,42.62,0,225.0,0.0,23.79,23.79,225.0,0.0,-107
18_30_09_003999,0,0,0.0,0,0.0,0,0,0.0,0,0.0,42.59,0,0.0,0.0,23.92,42.58,0,224.71,0.0,23.62,23.62,224.71,0.0,-107
18_30_09_008056,0,0,0.0,0,0.0,0,0,0.0,0,0.0,42.65,0,0.0,0.0,23.93,42.65,0,225.22,0.0,23.8,23.8,225.22,0.0,-107
18_30_09_011687,0,0,0.0,0,0.0,0,0,0.0,0,0.0,42.62,0,0.0,0.0,23.92,42.62,0,224.95,0.0,23.78,23.78,224.95,0.0,-107
18_30_09_017636,0,0,0.0,0,0.0,0,0,0.0,0,0.0,42.65,0,0.0,0.0,23.92,42.62,0,224.95,0.0,23.78,23.78,224.95,0.0,-106
18_30_09_020142,0,0,0.0,0,0.0,0,0,0.0,0,0.0,42.65,0,0.0,0.0,23.92,42.58,0,224.68,0.0,23.76,23.76,224.68,0.0,-106
18_30_09_022656,0,0,0.0,0,0.0,0,0,0.0,0,0.0,42.61,0,0.0,0.0,23.92,42.63,0,224.93,0.0,23.78,23.78,224.93,0.0,-106
18_30_09_027645,0,0,0.0,0,0.0,0,0,0.0,0,0.0,42.65,0,0.0,0.0,23.93,42.62,0,224.93,0.0,23.78,23.78,224.93,0.0,-106
18_30_09_032631,0,0,0.0,0,0.0,0,0,0.0,0,0.0,42.61,0,0.0,0.0,23.91,42.62,0,224.93,0.0,23.78,23.78,224.93,0.0,-106
18_30_09_035775,0,0,0.0,0,0.0,0,0,0.0,0,0.0,42.61,0,0.0,0.0,23.92,42.61,0,224.9,0.0,23.78,23.78,224.9,0.0,-106
18_30_09_037619,0,0,0.0,0,0.0,0,0,0.0,0,0.0,42.61,0,0.0,0.0,23.92,42.62,0,224.93,0.0,23.78,23.78,224.93,0.0,-106
18_30_09_046557,0,0,0.0,0,0.0,0,0,0.0,0,0.0,42.65,0,0.0,0.0,23.93,42.61,0,224.95,0.0,23.78,23.78,224.95,0.0,-106
18_30_09_052090,0,0,0.0,0,0.0,0,0,0.0,0,0.0,42.65,0,0.0,0.0,23.93,42.61,0,224.95,0.0,23.78,23.78,224.95,0.0,-106
18_30_09_052090,0,0,0.0,0,0.0,0,0,0.0,0,0.0,42.65,0,0.0,0.0,23.93,42.61,0,224.93,0.0,23.78,23.78,224.93,0.0,-106
18_30_09_306896,0,0,0.0,0,0.0,0,0,0.0,0,0.0,42.65,0,0.0,0.0,23.93,42.61,0,224.95,0.0,23.78,23.78,224.95,0.0,-105
18_30_09_324848,0,0,0.0,0,0.0,0,0,0.0,0,0.0,42.62,0,0.0,0.0,23.92,42.62,0,224.95,0.0,23.79,23.79,224.95,0.0,-105
18_30_09_557243,0,0,0.0,0,0.0,0,0,0.0,0,0.0,42.61,0,0.0,0.0,23.92,42.62,0,224.95,0.0,23.79,23.79,224.95,0.0,-105
18_30_09_642138,0,0,0.0,0,0.0,0,0,0.0,0,0.0,42.61,0,0.0,0.0,23.91,42.61,0,224.93,0.0,23.78,23.78,224.93,0.0,-106
18_30_09_642138,0,0,0.0,0,0.0,0,0,0.0,0,0.0,42.61,0,0.0,0.0,23.91,42.61,0,224.88,0.0,23.78,23.78,224.88,0.0,-106
18_30_09_648967,0,0,0.0,0,0.0,0,0,0.0,0,0.0,42.62,0,0.0,0.0,23.91,42.65,0,225.15,0.0,23.65,23.65,225.15,0.0,-106
18_30_09_852581,0,0,0.0,0,0.0,0,0,0.0,0,0.0,42.58,1,0.02,0.0,23.9,42.59,1,224.8,0.0,23.63,23.63,224.82,0.0,-106
18_30_09_855498,0,0,0.0,0,0.0,0,0,0.0,0,0.0,42.65,0,0.0,0.0,23.93,42.59,1,224.8,0.0,23.63,23.63,224.8,0.0,-107
18_30_09_855609,0,0,0.0,0,0.0,0,0,0.0,0,0.0,42.65,0,0.0,0.0,23.93,42.62,0,224.95,0.0,23.79,23.79,224.95,0.0,-106
18_30_09_957015,0,0,0.0,0,0.0,0,0,0.0,0,0.0,42.65,0,0.0,0.0,23.93,42.58,0,224.76,0.0,23.76,23.76,224.76,0.0,-106
18_30_10_096485,0,0,0.0,0,0.0,0,0,0.0,0,0.0,42.63,0,0.0,0.0,23.94,42.62,0,225.0,0.0,23.64,23.64,225.0,0.0,-106
18_30_10_096921,0,0,0.0,0,0.0,0,0,0.0,0,0.0,42.59,0,0.0,0.0,23.91,42.62,0,225.0,0.0,23.64,23.64,225.0,0.0,-107
18_30_10_208723,0,0,0.0,0,0.0,0,0,0.0,0,0.0,42.59,0,0.0,0.0,23.91,42.58,0,224.76,0.0,23.64,23.64,224.76,0.0,-107
18_30_10_301324,0,0,0.0,0,0.0,0,0,0.0,0,0.0,42.58,1,0.0,0.0,23.89,42.62,0,224.88,0.0,23.65,23.65,224.88,0.0,-106
18_30_10_400004,0,0,0.0,0,0.0,0,0,0.0,0,0.0,42.63,0,0.02,0.0,23.91,42.61,0,224.95,0.0,23.64,23.64,224.97,0.0,-106
18_30_10_517690,0,0,0.0,0,0.0,0,0,0.0,0,0.0,42.61,0,0.0,0.0,23.91,42.61,0,224.95,0.0,23.64,23.64,224.95,0.0,-106
18_30_10_518688,0,0,0.0,0,0.0,0,0,0.0,0,0.0,42.61,0,0.0,0.0,23.91,42.65,0,225.2,0.0,23.66,23.66,225.2,0.0,-106
18_30_10_749214,0,0,0.0,0,0.0,0,0,0.0,0,0.0,42.58,0,0.0,0.0,23.89,42.58,0,224.73,0.0,23.61,23.61,224.73,0.0,-106
18_30_10_756053,0,0,0.0,0,0.0,0,0,0.0,0,0.0,42.65,0,0.0,0.0,23.92,42.65,0,225.2,0.0,23.68,23.68,225.2,0.0,-106
18_30_10_866791,0,0,0.0,0,0.0,0,0,0.0,0,0.0,42.69,0,0.0,0.0,23.95,42.65,0,225.2,0.0,23.68,23.68,225.2,0.0,-107
18_30_10_927874,0,0,0.0,0,0.0,0,0,0.0,0,0.0,42.63,0,0.0,0.0,23.93,42.62,0,224.98,0.0,23.64,23.64,224.98,0.0,-107
18_30_11_043320,0,0,0.0,0,0.0,0,0,0.0,0,0.0,42.63,0,0.0,0.0,23.93,42.61,0,224.93,0.0,23.64,23.64,224.93,0.0,-106
18_30_11_138208,0,0,0.0,0,0.0,0,0,0.0,0,0.0,42.58,1,0.02,0.0,23.89,42.56,0,224.71,0.0,23.62,23.62,224.73,0.0,-106
18_30_11_224823,0,0,0.0,0,0.0,0,0,0.0,0,0.0,42.61,0,0.02,0.0,23.91,42.56,0,224.71,0.0,23.62,23.62,224.73,0.0,-106
18_30_11_337499,0,0,0.0,0,0.0,0,0,0.0,0,0.0,42.65,0,0.0,0.0,23.93,42.65,0,225.17,0.0,23.8,23.8,225.17,0.0,-106
18_30_11_404786,0,0,0.0,0,0.0,0,0,0.0,0,0.0,42.65,0,0.0,0.0,23.93,42.58,1,224.73,0.0,23.76,23.76,224.73,0.0,-106
18_30_11_479119,0,0,0.0,0,0.0,0,0,0.0,0,0.0,42.65,0,0.0,0.0,23.94,42.62,0,224.93,0.0,23.78,23.78,224.93,0.0,-107
18_30_11_577855,0,0,0.0,0,0.0,0,0,0.0,0,0.0,42.62,1,0.02,0.0,23.92,42.62,0,224.9,0.0,23.78,23.78,224.92,0.0,-107
18_30_11_629717,0,0,0.0,0,0.0,0,0,0.0,0,0.0,42.62,0,0.0,0.0,23.91,42.62,0,224.9,0.0,23.78,23.78,224.9,0.0,-107
18_30_11_770341,0,0,0.0,0,0.0,0,0,0.0,0,0.0,42.62,0,0.0,0.0,23.91,42.59,0,224.73,0.0,23.76,23.76,224.73,0.0,-107
18_30_11_856112,0,0,0.0,0,0.0,0,0,0.0,0,0.0,42.65,0,0.0,0.0,23.94,42.63,0,224.88,0.0,23.79,23.79,224.88,0.0,-106
18_30_11_911963,0,0,0.0,0,0.0,0,0,0.0,0,0.0,42.58,0,0.0,0.0,23.89,42.66,0,225.22,0.0,23.79,23.79,225.22,0.0,-106
18_30_12_010711,0,0,0.0,0,0.0,0,0,0.0,0,0.0,42.61,0,0.0,0.0,23.91,42.66,0,225.22,0.0,23.79,23.79,225.22,0.0,-107
18_30_12_132373,0,0,0.0,0,0.0,0,0,0.0,0,0.0,42.61,0,0.0,0.0,23.91,42.63,1,224.98,0.0,23.79,23.79,224.98,0.0,-107
18_30_12_194382,0,0,0.0,0,0.0,0,0,0.0,0,0.0,42.62,0,0.02,0.0,23.91,42.66,0,225.2,0.0,23.8,23.8,225.22,0.0,-107
18_30_12_306992,0,0,0.0,0,0.0,0,0,0.0,0,0.0,42.65,0,0.0,0.0,23.92,15.97,0,0.0,0.0,0.0,0.0,0.0,0.0,-107
18_30_12_361760,0,0,0.0,0,0.0,0,0,0.0,0,0.0,42.59,0,0.0,0.0,23.91,15.97,0,0.0,0.0,0.0,0.0,0.0,0.0,-107
18_30_12_466480,0,0,0.0,0,0.0,0,0,0.0,0,0.0,42.59,0,0.0,0.0,23.91,42.61,0,224.9,0.0,23.79,23.79,224.9,0.0,-106
18_30_12_579182,0,0,0.0,0,0.0,0,0,0.0,0,0.0,42.63,1,0.02,0.0,23.92,42.61,0,224.95,0.0,23.78,23.78,224.97,0.0,-106
18_30_12_616122,0,0,0.0,0,0.0,0,0,0.0,0,0.0,42.61,0,0.0,0.0,23.92,42.63,0,224.88,0.0,23.78,23.78,224.88,0.0,-107
18_30_12_839483,0,0,0.0,0,0.0,0,0,0.0,0,0.0,42.66,0,0.0,0.0,23.93,42.63,0,224.88,0.0,23.78,23.78,224.88,0.0,-106
18_30_12_938219,0,0,0.0,0,0.0,0,0,0.0,0,0.0,42.61,0,0.0,0.0,23.92,42.63,0,224.95,0.0,23.79,23.79,224.95,0.0,-106
18_30_13_030034,0,0,0.0,0,0.0,0,0,0.0,0,0.0,42.61,0,0.0,0.0,23.91,42.62,0,224.98,0.0,23.79,23.79,224.98,0.0,-107
18_30_13_105771,0,0,0.0,0,0.0,0,0,0.0,0,0.0,42.59,1,0.02,0.0,23.91,42.62,0,224.98,0.0,23.79,23.79,225.0,0.0,-106
18_30_13_198865,0,0,0.0,0,0.0,0,0,0.0,0,0.0,42.65,0,0.0,0.0,23.79,42.61,1,224.88,0.0,23.78,23.78,224.88,0.0,-107
18_30_13_301297,0,0,0.0,0,0.0,0,0,0.0,0,0.0,42.65,0,0.0,0.0,23.79,42.58,0,224.78,0.0,23.75,23.75,224.78,0.0,-106
18_30_13_374053,0,0,0.0,0,0.0,0,0,0.0,0,0.0,42.63,0,0.0,0.0,23.93,42.62,0,225.0,0.0,23.78,23.78,225.0,0.0,-106
18_30_13_473823,0,0,0.0,0,0.0,0,0,0.0,0,0.0,42.65,0,0.0,0.0,23.8,4.73,459,0.0,0.0,3.33,3.33,0.0,0.0,-106
18_30_13_573520,0,0,0.0,0,0.0,0,0,0.0,0,0.0,42.61,0,0.0,0.0,23.91,42.61,1,225.0,0.0,23.64,23.64,225.0,0.0,-107
18_30_13_664278,0,0,0.0,0,0.0,0,0,0.0,0,0.0,42.61,0,0.0,0.0,23.91,42.65,0,225.22,0.0,23.8,23.8,225.22,0.0,-106
18_30_13_773023,0,0,0.0,0,0.0,0,0,0.0,0,0.0,42.62,0,0.0,0.0,23.91,42.62,0,224.93,0.0,23.78,23.78,224.93,0.0,-107
18_30_13_843799,0,0,0.0,0,0.0,0,0,0.0,0,0.0,42.59,1,0.02,0.0,23.89,42.62,0,224.95,0.0,23.78,23.78,224.97,0.0,-106
18_30_13_943921,0,0,0.0,0,0.0,0,0,0.0,0,0.0,42.63,0,0.0,0.0,23.94,15.97,0,0.0,0.0,0.0,0.0,0.0,0.0,-106
18_30_14_034629,0,0,0.0,0,0.0,0,0,0.0,0,0.0,42.63,0,0.0,0.0,23.94,42.62,0,224.93,0.0,23.78,23.78,224.93,0.0,-107
18_30_14_123391,0,0,0.0,0,0.0,0,0,0.0,0,0.0,42.61,0,0.0,0.0,23.91,42.62,0,224.93,0.0,23.78,23.78,224.93,0.0,-107
18_30_14_200281,0,0,0.0,0,0.0,0,0,0.0,0,0.0,42.61,0,0.0,0.0,23.92,42.62,0,224.95,0.0,23.78,23.78,224.95,0.0,-107
18_30_14_292938,0,0,0.0,0,0.0,0,0,0.0,0,0.0,42.65,0,0.0,0.0,23.93,42.65,0,225.12,0.0,23.79,23.79,225.12,0.0,-107
18_30_14_350784,0,0,0.0,0,0.0,0,0,0.0,0,0.0,42.65,0,0.0,0.0,23.93,42.61,0,224.83,0.0,23.78,23.78,224.83,0.0,-107
18_30_14_474452,0,0,0.0,0,0.0,0,0,0.0,0,0.0,125.22,12169,0.0,0.0,88.33,42.65,0,225.15,0.0,23.66,23.66,225.15,0.0,-107
18_30_14_586155,0,0,0.0,0,0.0,0,0,0.0,0,0.0,42.66,0,0.0,0.0,23.81,42.65,0,225.15,0.0,23.66,23.66,225.15,0.0,-107
18_30_14_722790,0,0,0.0,0,0.0,0,0,0.0,0,0.0,42.59,0,0.0,0.0,23.91,42.59,0,224.9,0.0,23.77,23.77,224.9,0.0,-107
18_30_14_729774,0,0,0.0,0,0.0,0,0,0.0,0,0.0,42.59,0,0.0,0.0,23.91,42.61,0,224.9,0.0,23.77,23.77,224.9,0.0,-107
18_30_14_832611,0,0,0.0,0,0.0,0,0,0.0,0,0.0,42.65,0,0.0,0.0,23.81,42.61,0,224.93,0.0,23.79,23.79,224.93,0.0,-107
18_30_14_938214,0,0,0.0,0,0.0,0,0,0.0,0,0.0,42.65,0,0.0,0.0,23.94,42.61,0,224.93,0.0,23.79,23.79,224.93,0.0,-107
18_30_15_031963,0,0,0.0,0,0.0,0,0,0.0,0,0.0,42.58,1,0.02,0.0,23.9,42.62,1,224.88,0.0,23.79,23.79,224.9,0.0,-107
18_30_15_134688,0,0,0.0,0,0.0,0,0,0.0,0,0.0,42.58,1,0.02,0.0,23.9,42.66,0,225.17,0.0,23.8,23.8,225.19,0.0,-107
18_30_15_251394,0,0,0.0,0,0.0,0,0,0.0,0,0.0,42.61,1,0.0,0.0,23.92,42.63,2,224.98,0.0,23.8,23.8,224.98,0.0,-107
18_30_15_322187,0,0,0.0,0,0.0,0,0,0.0,0,0.0,42.66,0,0.0,0.0,23.94,42.63,2,224.98,0.0,23.8,23.8,224.98,0.0,-107
18_30_15_413941,0,0,0.0,0,0.0,0,0,0.0,0,0.0,42.62,0,0.0,0.0,23.91,42.68,1,225.17,0.0,23.8,23.8,225.17,0.0,-107
18_30_15_494725,0,0,0.0,0,0.0,0,0,0.0,0,0.0,42.62,0,0.0,0.0,23.91,42.66,0,225.24,0.0,23.8,23.8,225.24,0.0,-107
18_30_15_541617,0,0,0.0,0,0.0,0,0,0.0,0,0.0,42.62,0,0.0,0.0,23.91,42.58,1,224.73,0.0,23.76,23.76,224.73,0.0,-107
18_30_15_664272,0,0,0.0,0,0.0,0,0,0.0,0,0.0,42.62,0,0.0,0.0,23.92,42.58,1,224.73,0.0,23.76,23.76,224.73,0.0,-107
18_30_15_757024,0,0,0.0,0,0.0,0,0,0.0,0,0.0,42.58,1,0.05,0.0,23.9,42.61,0,224.95,0.0,23.63,23.63,225.0,0.0,-106
18_30_15_855760,0,0,0.0,0,0.0,0,0,0.0,0,0.0,42.59,0,0.0,0.0,23.77,42.63,1,224.98,0.0,23.79,23.79,224.98,0.0,-107
18_30_15_988406,0,0,0.0,0,0.0,0,0,0.0,0,0.0,42.59,0,0.0,0.0,23.77,42.62,0,224.93,0.0,23.78,23.78,224.93,0.0,-106
18_30_16_094124,0,0,0.0,0,0.0,0,0,0.0,0,0.0,42.65,0,0.0,0.0,23.92,42.62,0,224.93,0.0,23.78,23.78,224.93,0.0,-107
18_30_16_134028,0,0,0.0,0,0.0,0,0,0.0,0,0.0,42.61,0,0.0,0.0,23.9,42.66,0,225.2,0.0,23.82,23.82,225.2,0.0,-107
18_30_16_183020,0,0,0.0,0,0.0,0,0,0.0,0,0.0,42.61,1,0.02,0.0,23.91,42.61,0,224.85,0.0,23.79,23.79,224.87,0.0,-107
18_30_16_328497,0,0,0.0,0,0.0,0,0,0.0,0,0.0,42.61,1,0.02,0.0,23.91,42.61,0,224.93,0.0,23.78,23.78,224.95,0.0,-107
18_30_16_406288,0,0,0.0,0,0.0,0,0,0.0,0,0.0,42.61,0,0.02,0.0,23.91,42.62,0,224.9,0.0,23.77,23.77,224.92,0.0,-107
18_30_16_492058,0,0,0.0,0,0.0,0,0,0.0,0,0.0,42.61,0,0.0,0.0,23.92,42.62,0,224.9,0.0,23.77,23.77,224.9,0.0,-106
18_30_16_575835,0,0,0.0,0,0.0,0,0,0.0,0,0.0,42.65,0,0.0,0.0,23.93,42.65,0,225.1,0.0,23.79,23.79,225.1,0.0,-106
18_30_16_688541,0,0,0.0,0,0.0,0,0,0.0,0,0.0,42.65,0,0.0,0.0,23.93,42.61,0,224.85,0.0,23.79,23.79,224.85,0.0,-107
18_30_16_723521,0,0,0.0,0,0.0,0,0,0.0,0,0.0,42.62,1,0.02,0.0,23.92,42.61,0,224.88,0.0,23.77,23.77,224.9,0.0,-106
18_30_16_876033,0,0,0.0,0,0.0,0,0,0.0,0,0.0,42.61,0,0.0,0.0,23.9,42.61,0,224.88,0.0,23.77,23.77,224.88,0.0,-107
18_30_16_952041,0,0,0.0,0,0.0,0,0,0.0,0,0.0,42.66,0,0.0,0.0,23.93,42.66,0,225.15,0.0,23.79,23.79,225.15,0.0,-106
18_30_16_986737,0,0,0.0,0,0.0,0,0,0.0,0,0.0,42.66,0,0.0,0.0,23.93,42.63,0,225.17,0.0,23.79,23.79,225.17,0.0,-107
18_30_17_189516,0,0,0.0,0,0.0,0,0,0.0,0,0.0,42.59,1,0.02,0.0,23.89,42.66,0,225.15,0.0,23.67,23.67,225.17,0.0,-107
18_30_17_208396,0,0,0.0,0,0.0,0,0,0.0,0,0.0,42.61,0,0.0,0.0,23.91,42.66,0,225.15,0.0,23.67,23.67,225.15,0.0,-106
18_30_17_269991,0,0,0.0,0,0.0,0,0,0.0,0,0.0,42.63,0,0.02,0.0,23.93,42.66,0,225.22,0.0,23.8,23.8,225.24,0.0,-107
18_30_17_385671,0,0,0.0,0,0.0,0,0,0.0,0,0.0,42.63,1,0.02,0.0,23.93,42.62,0,224.95,0.0,23.77,23.77,224.97,0.0,-106
18_30_17_478709,0,0,0.0,0,0.0,0,0,0.0,0,0.0,42.58,1,0.02,0.0,23.89,42.65,0,225.24,0.0,23.67,23.67,225.26,0.0,-107
18_30_17_589126,0,0,0.0,0,0.0,0,0,0.0,0,0.0,42.58,1,0.02,0.0,23.89,42.65,0,225.24,0.0,23.67,23.67,225.26,0.0,-107
18_30_17_637995,0,0,0.0,0,0.0,0,0,0.0,0,0.0,42.61,0,0.0,0.0,23.92,42.62,0,224.98,0.0,23.64,23.64,224.98,0.0,-107
18_30_17_759670,0,0,0.0,0,0.0,0,0,0.0,0,0.0,42.61,0,0.0,0.0,23.91,42.62,1,224.95,0.0,23.8,23.8,224.95,0.0,-107
18_30_17_851714,0,0,0.0,0,0.0,0,0,0.0,0,0.0,42.61,0,0.0,0.0,23.91,42.61,0,224.93,0.0,23.78,23.78,224.93,0.0,-107
18_30_17_893020,0,0,0.0,0,0.0,0,0,0.0,0,0.0,42.59,0,0.0,0.0,23.92,42.61,0,224.93,0.0,23.78,23.78,224.93,0.0,-107
18_30_18_064503,0,0,0.0,0,0.0,0,0,0.0,0,0.0,42.66,0,0.0,0.0,23.94,42.61,0,224.93,0.0,23.64,23.64,224.93,0.0,-107
18_30_18_106745,0,0,0.0,0,0.0,0,0,0.0,0,0.0,42.65,0,1.25,0.0,23.81,42.61,0,224.95,0.0,23.64,23.64,226.2,0.0,-107
18_30_18_287462,0,0,0.0,0,0.0,0,0,0.0,0,0.0,42.65,0,1.25,0.0,23.81,42.65,0,225.15,0.0,23.68,23.68,226.4,0.0,-107
18_30_18_325408,0,0,0.0,0,0.0,0,0,0.0,0,0.0,42.65,738,0.0,0.0,23.81,42.66,0,225.17,0.0,23.67,23.67,225.17,0.0,-107
18_30_18_383930,0,0,0.0,0,0.0,0,0,0.0,0,0.0,42.62,885,1.25,0.0,23.77,42.66,0,225.17,0.0,23.67,23.67,226.42,0.0,-107
18_30_18_552831,0,0,0.0,0,0.0,0,0,0.0,0,0.0,42.61,1324,1.22,0.0,23.78,42.58,1,224.71,0.0,23.62,23.62,225.93,0.0,-107
18_30_18_614585,0,0,0.0,0,0.0,0,0,0.0,0,0.0,42.61,1324,1.22,0.0,23.78,42.62,0,224.93,0.0,23.65,23.65,226.15,0.0,-107
18_30_18_698359,0,0,0.0,0,0.0,0,0,0.0,0,0.0,42.61,1324,1.25,0.0,23.76,42.58,1,224.68,0.0,23.63,23.63,225.93,0.0,-106
18_30_18_850547,0,0,0.0,0,0.0,0,0,0.0,0,0.0,42.59,748,1.25,0.0,23.77,42.65,0,225.15,0.0,23.53,23.53,226.4,0.0,-109
18_30_19_130429,0,0,0.0,0,0.0,0,0,0.0,0,0.0,42.59,3466,0.78,0.0,22.56,14.18,0,22.18,0.0,0.0,0.0,22.96,0.0,-107
18_30_19_216973,0,0,0.0,0,0.0,0,0,0.0,0,0.0,42.66,441,4.97,0.0,23.8,42.66,0,225.2,0.0,23.03,23.03,230.17,0.0,-107
18_30_19_245119,0,0,0.0,0,0.0,0,0,0.0,0,0.0,42.61,689,3.75,0.0,23.77,42.68,0,225.22,0.0,23.66,23.66,228.97,0.0,-107
18_30_19_376546,0,0,0.0,0,0.0,0,0,0.0,0,0.0,42.61,859,5.0,0.0,23.77,42.68,0,225.22,0.0,23.66,23.66,230.22,0.0,-107
18_30_19_475602,0,0,0.0,0,0.0,0,0,0.0,0,0.0,42.61,1006,6.24,0.0,23.77,42.62,0,225.02,0.0,23.64,23.64,231.26,0.0,-107
18_30_19_569128,0,0,0.0,0,0.0,0,0,0.0,0,0.0,42.61,1272,4.97,0.0,23.77,42.58,1,224.76,0.0,23.64,23.64,229.73,0.0,-107
18_30_19_608926,0,0,0.0,0,0.0,0,0,0.0,0,0.0,42.66,1272,4.97,0.0,23.81,42.61,0,224.95,0.0,23.65,23.65,229.92,0.0,-107
18_30_19_735644,0,0,0.0,0,0.0,0,0,0.0,0,0.0,42.61,1364,3.75,0.0,23.77,42.61,0,224.95,0.0,23.65,23.65,228.7,0.0,-106
18_30_19_827341,0,0,0.0,0,0.0,0,0,0.0,0,0.0,42.66,1488,3.75,0.0,23.81,42.61,0,224.88,0.0,23.63,23.63,228.63,0.0,-107
18_30_19_866240,0,0,0.0,0,0.0,0,0,0.0,0,0.0,42.68,1496,2.5,0.0,23.8,42.61,0,224.9,0.0,23.64,23.64,227.4,0.0,-107
18_30_19_995893,0,0,0.0,0,0.0,0,0,0.0,0,0.0,42.68,1496,2.5,0.0,23.8,42.62,0,224.9,0.0,23.64,23.64,227.4,0.0,-108
18_30_20_107592,0,0,0.0,0,0.0,0,0,0.0,0,0.0,42.62,1552,3.75,0.0,23.78,42.62,0,224.9,0.0,23.64,23.64,228.65,0.0,-107
18_30_20_204334,0,0,0.0,0,0.0,0,0,0.0,0,0.0,42.62,1632,2.5,0.0,23.78,42.61,0,224.88,0.0,23.65,23.65,227.38,0.0,-106
18_30_20_305064,0,0,0.0,0,0.0,0,0,0.0,0,0.0,42.61,1618,2.5,0.0,23.78,42.58,1,224.76,0.0,23.63,23.63,227.26,0.0,-106
18_30_20_392308,0,0,0.0,0,0.0,0,0,0.0,0,0.0,42.61,1618,2.5,0.0,23.78,42.59,0,224.9,0.0,23.64,23.64,227.4,0.0,-107
18_30_20_474610,0,0,0.0,0,0.0,0,0,0.0,0,0.0,42.61,1656,2.5,0.0,23.78,42.59,0,224.9,0.0,23.64,23.64,227.4,0.0,-107
18_30_20_558386,0,0,0.0,0,0.0,0,0,0.0,0,0.0,42.61,1716,3.72,0.0,23.78,42.61,1,224.93,0.0,23.64,23.64,228.65,0.0,-107
18_30_20_656125,0,0,0.0,0,0.0,0,0,0.0,0,0.0,42.61,1691,2.47,0.0,23.77,42.56,1,224.68,0.0,23.63,23.63,227.15,0.0,-107
18_30_20_697208,0,0,0.0,0,0.0,0,0,0.0,0,0.0,42.61,1691,2.47,0.0,23.77,42.65,0,225.12,0.0,23.65,23.65,227.59,0.0,-108
18_30_20_823678,0,0,0.0,0,0.0,0,0,0.0,0,0.0,42.61,1718,2.5,0.0,23.77,42.65,12797,225.12,0.0,23.65,23.65,227.62,0.0,-106
18_30_20_934382,0,0,0.0,0,0.0,0,0,0.0,0,0.0,42.63,1762,2.5,0.0,23.78,42.61,0,224.95,0.0,23.63,23.63,227.45,0.0,-108
18_30_20_959316,0,0,0.0,0,0.0,0,0,0.0,0,0.0,42.65,1748,2.47,0.0,23.8,42.61,0,224.93,0.0,23.64,23.64,227.4,0.0,-107
18_30_21_088968,0,0,0.0,0,0.0,0,0,0.0,0,0.0,42.65,1748,2.47,0.0,23.8,42.61,0,224.93,0.0,23.64,23.64,227.4,0.0,-107
18_30_21_200669,0,0,0.0,0,0.0,0,0,0.0,0,0.0,42.65,1753,3.75,0.0,23.8,42.61,0,224.9,0.0,23.63,23.63,228.65,0.0,-107
18_30_21_308381,0,0,0.0,0,0.0,0,0,0.0,0,0.0,42.63,1835,3.77,0.0,23.79,42.61,0,224.9,0.0,23.63,23.63,228.67,0.0,-107
18_30_21_364919,0,0,0.0,0,0.0,0,0,0.0,0,0.0,42.62,1862,3.72,0.0,23.77,42.61,0,224.95,0.0,23.52,23.52,228.67,0.0,-107
18_30_21_463807,0,0,0.0,0,0.0,0,0,0.0,0,0.0,42.62,5,3.72,0.0,23.77,42.65,0,225.24,0.0,23.68,23.68,228.96,0.0,-107
18_30_21_506961,0,0,0.0,0,0.0,0,0,0.0,0,0.0,42.65,1823,2.5,0.0,23.8,42.58,0,224.71,0.0,23.63,23.63,227.21,0.0,-107
18_30_21_663731,0,0,0.0,0,0.0,0,0,0.0,0,0.0,42.61,1842,3.72,0.0,23.76,42.58,0,224.71,0.0,23.63,23.63,228.43,0.0,-106
18_30_21_763276,0,0,0.0,0,0.0,0,0,0.0,0,0.0,42.62,1863,3.75,0.0,23.77,42.63,1,224.9,0.0,23.64,23.64,228.65,0.0,-106
18_30_21_803169,0,0,0.0,0,0.0,0,0,0.0,0,0.0,42.59,1923,3.75,0.0,23.77,42.61,1,224.76,0.0,23.62,23.62,228.51,0.0,-107
18_30_21_941831,0,0,0.0,0,0.0,0,0,0.0,0,0.0,42.59,1923,3.75,0.0,23.77,42.62,0,224.98,0.0,23.65,23.65,228.73,0.0,-107
18_30_21_996746,0,0,0.0,0,0.0,0,0,0.0,0,0.0,42.61,1912,3.75,0.0,23.78,42.62,0,224.98,0.0,23.65,23.65,228.73,0.0,-107
18_30_22_093425,0,0,0.0,0,0.0,0,0,0.0,0,0.0,42.66,1916,3.72,0.0,23.81,42.62,0,224.98,0.0,23.65,23.65,228.7,0.0,-107
18_30_22_204129,0,0,0.0,0,0.0,0,0,0.0,0,0.0,42.61,1946,3.75,0.0,23.78,42.63,0,224.9,0.0,23.64,23.64,228.65,0.0,-106
18_30_22_298845,0,0,0.0,0,0.0,0,0,0.0,0,0.0,42.61,1946,3.75,0.0,23.78,42.61,0,224.93,0.0,23.64,23.64,228.68,0.0,-107
18_30_22_346715,0,0,0.0,0,0.0,0,0,0.0,0,0.0,42.61,1989,2.47,0.0,23.77,42.61,0,224.93,0.0,23.64,23.64,227.4,0.0,-107
18_30_22_509170,0,0,0.0,0,0.0,0,0,0.0,0,0.0,42.62,1986,3.75,0.0,23.77,42.61,0,224.93,0.0,23.65,23.65,228.68,0.0,-107
18_30_22_628677,0,0,0.0,0,0.0,0,0,0.0,0,0.0,42.62,1986,3.75,0.0,23.77,42.62,0,224.98,0.0,23.65,23.65,228.73,0.0,-107
18_30_22_733432,0,0,0.0,0,0.0,0,0,0.0,0,0.0,45.66,1969,3.75,0.0,23.77,42.62,0,224.98,0.0,23.65,23.65,228.73,0.0,-107
18_30_22_842129,0,0,0.0,0,0.0,0,0,0.0,0,0.0,45.65,2015,3.75,0.0,23.78,42.66,0,225.22,0.0,23.67,23.67,228.97,0.0,-107
18_30_22_941837,0,0,0.0,0,0.0,0,0,0.0,0,0.0,45.69,2021,3.72,0.0,23.79,42.61,0,224.95,0.0,23.64,23.64,228.67,0.0,-107
18_30_23_022655,0,0,0.0,0,0.0,0,0,0.0,0,0.0,45.69,2021,3.72,0.0,23.79,42.66,0,225.22,0.0,23.55,23.55,228.94,0.0,-107
18_30_23_110487,0,0,0.0,0,0.0,0,0,0.0,0,0.0,45.66,2002,3.75,0.0,23.8,42.61,0,224.95,0.0,23.65,23.65,228.7,0.0,-107
18_30_23_152276,0,0,0.0,0,0.0,0,0,0.0,0,0.0,42.69,1789,1.25,0.0,23.82,42.61,0,224.95,0.0,23.65,23.65,226.2,0.0,-107
18_30_23_281931,0,0,0.0,0,0.0,0,0,0.0,0,0.0,42.63,1576,1.25,0.0,23.8,42.62,0,224.9,0.0,23.64,23.64,226.15,0.0,-107
18_30_23_386681,0,0,0.0,0,0.0,0,0,0.0,0,0.0,42.63,1576,1.25,0.0,23.8,42.63,0,225.17,0.0,23.66,23.66,226.42,0.0,-108
18_30_23_537245,0,0,0.0,0,0.0,0,0,0.0,0,0.0,45.66,1358,0.0,0.0,23.79,42.62,0,224.93,0.0,23.64,23.64,224.93,0.0,-107
18_30_23_639971,0,0,0.0,0,0.0,0,0,0.0,0,0.0,45.66,1199,0.0,0.0,23.77,42.62,0,224.93,0.0,23.65,23.65,224.93,0.0,-107
18_30_23_755662,0,0,0.0,0,0.0,0,0,0.0,0,0.0,42.62,1106,0.0,0.0,23.8,42.61,1,224.76,0.0,23.64,23.64,224.76,0.0,-107
18_30_23_785712,0,0,0.0,0,0.0,0,0,0.0,0,0.0,42.62,1106,0.0,0.0,23.8,42.61,0,224.93,0.0,23.64,23.64,224.93,0.0,-108
18_30_23_982088,0,0,0.0,0,0.0,0,0,0.0,0,0.0,45.71,888,0.0,0.0,23.8,42.61,0,224.93,0.0,23.64,23.64,224.93,0.0,-107
18_30_24_008066,0,0,0.0,0,0.0,0,0,0.0,0,0.0,45.62,781,0.02,0.0,23.76,42.62,0,224.93,0.0,23.65,23.65,224.95,0.0,-107
18_30_24_149951,0,0,0.0,0,0.0,0,0,0.0,0,0.0,45.69,599,0.0,0.0,23.79,42.66,0,225.17,0.0,23.67,23.67,225.17,0.0,-107
18_30_24_189201,0,0,0.0,0,0.0,0,0,0.0,0,0.0,45.69,599,0.0,0.0,23.79,0.0,0,0.0,0.0,128.16,128.16,0.0,0.0,-107
18_30_24_300324,0,0,0.0,0,0.0,0,0,0.0,0,0.0,45.63,598,0.0,0.0,23.77,0.0,0,0.0,0.0,128.16,128.16,0.0,0.0,-107
18_30_24_406042,0,0,0.0,0,0.0,0,0,0.0,0,0.0,45.65,0,1.27,0.0,23.78,42.61,0,224.98,0.0,23.64,23.64,226.25,0.0,-106
18_30_24_449923,0,0,0.0,0,0.0,0,0,0.0,0,0.0,45.69,0,1.25,0.0,23.8,42.66,0,225.17,0.0,23.67,23.67,226.42,0.0,-107
18_30_24_579688,0,0,0.0,0,0.0,0,0,0.0,0,0.0,45.69,0,1.25,0.0,23.8,42.62,0,224.95,0.0,23.65,23.65,226.2,0.0,-106
18_30_24_613578,0,0,0.0,0,0.0,0,0,0.0,0,0.0,45.71,0,0.0,0.0,23.81,42.62,0,224.93,0.0,23.65,23.65,224.93,0.0,-106
18_30_24_800985,0,0,0.0,0,0.0,0,0,0.0,0,0.0,45.69,1146,0.0,0.0,23.8,42.61,0,225.02,0.0,23.65,23.65,225.02,0.0,-106
18_30_24_954617,0,0,0.0,0,0.0,0,0,0.0,0,0.0,45.69,1146,0.0,0.0,23.8,42.62,0,224.95,0.0,23.64,23.64,224.95,0.0,-106
18_30_25_082233,0,0,0.0,0,0.0,0,0,0.0,0,0.0,45.68,1032,0.0,0.0,23.81,42.62,0,224.95,0.0,23.64,23.64,224.95,0.0,-107
18_30_25_249784,0,0,0.0,0,0.0,0,0,0.0,0,0.0,45.6,3465,0.88,0.0,23.76,0.0,18,0.0,0.0,301.64,301.64,0.88,0.0,-108
18_30_25_358605,0,0,0.0,0,0.0,0,0,0.0,0,0.0,45.68,587,11.24,0.0,23.65,42.65,0,225.24,0.0,23.67,23.67,236.48,0.0,-107
18_30_25_429306,0,0,0.0,0,0.0,0,0,0.0,0,0.0,45.63,924,12.46,0.0,23.65,42.63,0,224.93,0.0,23.52,23.52,237.39,0.0,-108
18_30_25_531066,0,0,0.0,0,0.0,0,0,0.0,0,0.0,45.63,924,12.46,0.0,23.65,42.61,0,224.98,0.0,23.78,23.78,237.44,0.0,-107
18_30_25_575916,0,0,0.0,0,0.0,0,0,0.0,0,0.0,45.65,1366,12.49,0.0,23.65,42.61,0,224.98,0.0,23.78,23.78,237.47,0.0,-107
18_30_25_711278,0,0,0.0,0,0.0,0,0,0.0,0,0.0,45.68,1546,8.72,0.0,23.66,42.62,0,224.93,0.0,23.51,23.51,233.65,0.0,-107
18_30_25_826310,0,0,0.0,0,0.0,0,0,0.0,0,0.0,45.65,1728,6.27,0.0,23.65,125.39,0,0.0,0.0,264.65,264.65,6.27,0.0,-107
18_30_25_885086,0,0,0.0,0,0.0,0,0,0.0,0,0.0,45.6,1918,6.22,0.0,23.62,42.62,0,224.93,0.0,23.52,23.52,231.15,0.0,-107
18_30_26_065608,0,0,0.0,0,0.0,0,0,0.0,0,0.0,45.6,1918,6.22,0.0,23.62,42.62,0,224.93,0.0,23.52,23.52,231.15,0.0,-106
18_30_26_086705,0,0,0.0,0,0.0,0,0,0.0,0,0.0,45.63,2029,6.24,0.0,23.61,42.66,0,225.24,0.0,23.42,23.42,231.48,0.0,-107
18_30_26_131461,0,0,0.0,0,0.0,0,0,0.0,0,0.0,45.62,2093,7.49,0.0,23.63,42.61,0,224.95,0.0,23.39,23.39,232.44,0.0,-107
18_30_26_256125,0,0,0.0,0,0.0,0,0,0.0,0,0.0,45.69,2443,13.76,0.0,23.66,42.58,1,224.73,0.0,23.24,23.24,238.49,0.0,-107
18_30_26_350067,0,0,0.0,0,0.0,0,0,0.0,0,0.0,45.69,2443,13.76,0.0,23.66,42.58,1,224.73,0.0,23.24,23.24,238.49,0.0,-107
18_30_26_457556,0,0,0.0,0,0.0,0,0,0.0,0,0.0,45.65,2780,14.99,0.0,23.65,42.65,0,225.22,0.0,22.89,22.89,240.21,0.0,-107
18_30_26_555301,0,0,0.0,0,0.0,0,0,0.0,0,0.0,45.66,3123,17.51,0.0,23.53,42.65,0,225.2,0.0,23.42,23.42,242.71,0.0,-107
18_30_26_631414,0,0,0.0,0,0.0,0,0,0.0,0,0.0,45.71,3425,14.99,0.0,23.54,42.61,0,224.95,0.0,23.4,23.4,239.94,0.0,-108
18_30_26_723842,0,0,0.0,0,0.0,0,0,0.0,0,0.0,45.71,3425,14.99,0.0,23.54,42.61,0,224.95,0.0,23.4,23.4,239.94,0.0,-108
18_30_26_783685,0,0,0.0,0,0.0,0,0,0.0,0,0.0,45.73,3585,14.99,0.0,23.55,42.61,0,224.88,0.0,23.39,23.39,239.87,0.0,-108
18_30_26_916366,0,0,0.0,0,0.0,0,0,0.0,0,0.0,45.62,3907,16.23,0.0,23.51,42.63,0,225.12,0.0,23.15,23.15,241.35,0.0,-107
18_30_26_970184,0,0,0.0,0,0.0,0,0,0.0,0,0.0,45.69,4002,14.99,0.0,23.53,42.65,0,225.17,0.0,23.42,23.42,240.16,0.0,-108
18_30_27_064967,0,0,0.0,0,0.0,0,0,0.0,0,0.0,45.69,4002,14.99,0.0,23.53,42.65,0,225.17,0.0,23.42,23.42,240.16,0.0,-107
18_30_27_137773,0,0,0.0,0,0.0,0,0,0.0,0,0.0,45.6,4267,14.99,0.0,23.51,42.61,0,224.9,0.0,23.12,23.12,239.89,0.0,-107
18_30_27_284396,0,0,0.0,0,0.0,0,0,0.0,0,0.0,45.69,4609,16.26,0.0,23.54,42.61,0,224.93,0.0,23.26,23.26,241.19,0.0,-106
18_30_27_433946,0,0,0.0,0,0.0,0,0,0.0,0,0.0,45.66,4847,17.48,0.0,23.52,42.61,0,225.0,0.0,23.38,23.38,242.48,0.0,-107
18_30_27_457920,0,0,0.0,0,0.0,0,0,0.0,0,0.0,45.66,4847,17.48,0.0,23.52,42.61,0,225.0,0.0,23.38,23.38,242.48,0.0,-107
18_30_27_511790,0,0,0.0,0,0.0,0,0,0.0,0,0.0,45.65,4990,21.2,0.0,23.52,42.65,0,225.2,0.0,23.41,23.41,246.4,0.0,-107
18_30_27_665363,0,0,0.0,0,0.0,0,0,0.0,0,0.0,45.71,5440,23.73,0.0,23.55,42.59,0,224.88,0.0,22.71,22.71,248.61,0.0,-107
18_30_27_718189,0,0,0.0,0,0.0,0,0,0.0,0,0.0,45.62,5611,22.48,0.0,23.5,42.58,1,224.66,0.0,23.37,23.37,247.14,0.0,-107
18_30_27_813935,0,0,0.0,0,0.0,0,0,0.0,0,0.0,45.62,5723,25.0,0.0,23.41,42.65,0,225.17,0.0,23.27,23.27,250.17,0.0,-107
18_30_27_867833,0,0,0.0,0,0.0,0,0,0.0,0,0.0,45.68,5723,25.0,0.0,23.41,42.65,0,225.17,0.0,23.27,23.27,250.17,0.0,-107
18_30_28_001453,0,0,0.0,0,0.0,0,0,0.0,0,0.0,45.71,5953,27.5,0.0,23.42,42.66,0,225.17,0.0,23.26,23.26,252.67,0.0,-107
18_30_28_058322,0,0,0.0,0,0.0,0,0,0.0,0,0.0,45.62,6351,28.7,0.0,23.37,42.66,0,225.17,0.0,22.51,22.51,253.87,0.0,-106
18_30_28_179024,0,0,0.0,0,0.0,0,0,0.0,0,0.0,45.62,6421,33.69,0.0,23.37,42.62,0,224.93,0.0,22.08,22.08,258.62,0.0,-107
18_30_28_275743,0,0,0.0,0,0.0,0,0,0.0,0,0.0,45.62,6421,33.69,0.0,23.37,42.62,0,224.93,0.0,22.08,22.08,258.62,0.0,-107
18_30_28_312650,0,0,0.0,0,0.0,0,0,0.0,0,0.0,45.66,6830,38.74,0.0,23.26,42.61,0,224.98,0.0,23.0,23.0,263.72,0.0,-106
18_30_28_456213,0,0,0.0,0,0.0,0,0,0.0,0,0.0,45.66,7265,47.48,0.0,23.26,42.61,0,224.9,0.0,23.0,23.0,272.38,0.0,-107
18_30_28_551959,0,0,0.0,0,0.0,0,0,0.0,0,0.0,45.65,7774,49.98,0.0,23.25,42.65,0,225.15,0.0,22.23,22.23,275.13,0.0,-107
18_30_28_602208,0,0,0.0,0,0.0,0,0,0.0,0,0.0,45.65,7774,49.98,0.0,23.25,42.65,0,225.15,0.0,22.23,22.23,275.13,0.0,-107
18_30_28_728487,0,0,0.0,0,0.0,0,0,0.0,0,0.0,45.69,8260,47.5,0.0,23.27,42.63,0,225.17,0.0,23.14,23.14,272.67,0.0,-107
18_30_28_765532,0,0,0.0,0,0.0,0,0,0.0,0,0.0,45.65,8677,51.22,0.0,23.12,42.62,0,224.88,0.0,23.11,23.11,276.1,0.0,-107
18_30_28_975431,0,0,0.0,0,0.0,0,0,0.0,0,0.0,45.63,8758,51.25,0.0,23.13,42.59,0,224.93,0.0,22.88,22.88,276.18,0.0,-106
18_30_29_055184,0,0,0.0,0,0.0,0,0,0.0,0,0.0,45.63,8758,51.25,0.0,23.13,42.59,0,224.93,0.0,22.88,22.88,276.18,0.0,-106
18_30_29_064212,0,0,0.0,0,0.0,0,0,0.0,0,0.0,45.69,9359,48.78,0.0,23.14,42.59,0,224.9,0.0,22.87,22.87,273.68,0.0,-107
18_30_29_226723,0,0,0.0,0,0.0,0,0,0.0,0,0.0,45.62,9437,46.18,0.0,23.1,42.62,0,224.9,0.0,23.01,23.01,271.08,0.0,-105
18_30_29_307506,0,0,0.0,0,0.0,0,0,0.0,0,0.0,45.65,9775,46.23,0.0,23.12,42.59,0,224.9,0.0,22.08,22.08,271.13,0.0,-106
18_30_29_381309,0,0,0.0,0,0.0,0,0,0.0,0,0.0,45.65,9775,46.23,0.0,23.12,42.59,0,224.9,0.0,22.08,22.08,271.13,0.0,-105
18_30_29_458365,0,0,0.0,0,0.0,0,0,0.0,0,0.0,45.68,10101,48.75,0.0,23.14,42.61,0,224.93,0.0,22.73,22.73,273.68,0.0,-105
18_30_29_725392,0,0,0.0,0,0.0,0,0,0.0,0,0.0,45.65,10733,51.22,0.0,23.13,42.66,0,225.22,0.0,22.9,22.9,276.44,0.0,-105
18_30_31_911702,0,0,0.0,0,0.0,0,0,0.0,0,0.0,48.72,13119,97.45,0.0,21.18,42.66,0,225.2,0.0,21.08,21.08,322.65,0.0,-106
18_30_31_953288,0,0,0.0,0,0.0,0,0,0.0,0,0.0,48.72,13120,92.46,0.0,21.19,42.66,0,225.2,0.0,21.08,21.08,317.66,0.0,-107
18_30_32_102494,0,0,0.0,0,0.0,0,0,0.0,0,0.0,48.72,13120,92.46,0.0,21.19,42.63,0,225.17,0.0,21.19,21.19,317.63,0.0,-107
18_30_32_185272,0,0,0.0,0,0.0,0,0,0.0,0,0.0,48.73,13120,87.46,0.0,21.44,42.58,1,224.73,0.0,21.43,21.43,312.19,0.0,-107
18_30_32_285006,0,0,0.0,0,0.0,0,0,0.0,0,0.0,48.75,13130,83.79,0.0,21.31,42.61,0,224.93,0.0,21.44,21.44,308.72,0.0,-108
18_30_32_329886,0,0,0.0,0,0.0,0,0,0.0,0,0.0,48.75,13122,81.24,0.0,21.06,42.59,0,224.85,0.0,21.56,21.56,306.09,0.0,-107
18_30_32_480482,0,0,0.0,0,0.0,0,0,0.0,0,0.0,48.75,13122,81.24,0.0,21.06,42.59,0,224.85,0.0,21.56,21.56,306.09,0.0,-107
18_30_32_569760,0,0,0.0,0,0.0,0,0,0.0,0,0.0,48.7,13120,76.27,0.0,20.8,42.63,0,225.17,0.0,21.6,21.6,301.44,0.0,-107
18_30_32_602159,0,0,0.0,0,0.0,0,0,0.0,0,0.0,48.7,13122,73.73,0.0,21.19,42.62,1,224.93,0.0,21.44,21.44,298.66,0.0,-109
18_30_32_776727,0,0,0.0,0,0.0,0,0,0.0,0,0.0,48.72,13123,71.2,0.0,21.45,42.61,0,224.85,0.0,21.55,21.55,296.05,0.0,-108
18_30_32_790655,0,0,0.0,0,0.0,0,0,0.0,0,0.0,48.72,13123,71.2,0.0,21.45,42.61,0,224.85,0.0,21.55,21.55,296.05,0.0,-108
18_30_32_946258,0,0,0.0,0,0.0,0,0,0.0,0,0.0,48.76,13134,70.05,0.0,21.33,42.62,1,224.9,0.0,21.7,21.7,294.95,0.0,-107
18_30_33_027022,0,0,0.0,0,0.0,0,0,0.0,0,0.0,48.7,13120,68.73,0.0,21.18,42.66,0,225.2,0.0,21.71,21.71,293.93,0.0,-109
18_30_33_120910,0,0,0.0,0,0.0,0,0,0.0,0,0.0,48.66,13107,67.41,0.0,21.02,42.61,0,224.88,0.0,21.56,21.56,292.29,0.0,-109
18_30_33_200558,0,0,0.0,0,0.0,0,0,0.0,0,0.0,48.66,13107,67.41,0.0,21.02,42.61,0,224.88,0.0,21.56,21.56,292.29,0.0,-108
18_30_33_280345,0,0,0.0,0,0.0,0,0,0.0,0,0.0,48.72,13122,66.23,0.0,21.05,42.59,0,224.88,0.0,21.69,21.69,291.11,0.0,-109
18_30_33_374095,0,0,0.0,0,0.0,0,0,0.0,0,0.0,48.7,13123,64.99,0.0,21.06,42.63,0,225.12,0.0,21.71,21.71,290.11,0.0,-108
18_30_33_469837,0,0,0.0,0,0.0,0,0,0.0,0,0.0,48.72,13122,63.71,0.0,21.45,42.61,0,224.88,0.0,21.68,21.68,288.59,0.0,-109
18_30_33_555611,0,0,0.0,0,0.0,0,0,0.0,0,0.0,48.72,13122,63.71,0.0,21.45,42.61,0,224.88,0.0,21.68,21.68,288.59,0.0,-109
18_30_33_648361,0,0,0.0,0,0.0,0,0,0.0,0,0.0,48.7,13120,63.71,0.0,21.31,42.61,0,224.88,0.0,21.68,21.68,288.59,0.0,-109
18_30_33_739362,0,0,0.0,0,0.0,0,0,0.0,0,0.0,48.73,13134,63.79,0.0,21.2,42.65,0,225.2,0.0,21.71,21.71,288.99,0.0,-107
18_30_33_842841,0,0,0.0,0,0.0,0,0,0.0,0,0.0,48.7,13122,61.24,0.0,21.44,42.65,0,225.17,0.0,21.84,21.84,286.41,0.0,-109
18_30_33_927616,0,0,0.0,0,0.0,0,0,0.0,0,0.0,48.7,13130,61.24,0.0,21.44,42.65,0,225.17,0.0,21.84,21.84,286.41,0.0,-109
18_30_34_018406,0,0,0.0,0,0.0,0,0,0.0,0,0.0,48.75,13130,60.01,0.0,21.2,42.68,0,225.12,0.0,21.7,21.7,285.13,0.0,-108
18_30_34_114115,0,0,0.0,0,0.0,0,0,0.0,0,0.0,48.72,13119,60.01,0.0,21.46,42.61,0,224.93,0.0,21.83,21.83,284.94,0.0,-109
18_30_34_150017,0,0,0.0,0,0.0,0,0,0.0,0,0.0,48.63,13107,59.89,0.0,21.43,42.65,0,225.17,0.0,21.71,21.71,285.06,0.0,-109
18_30_34_255739,0,0,0.0,0,0.0,0,0,0.0,0,0.0,48.75,13133,60.01,0.0,21.48,42.65,1,224.68,0.0,21.71,21.71,284.69,0.0,-109
18_30_34_359498,0,0,0.0,0,0.0,0,0,0.0,0,0.0,48.75,13133,60.01,0.0,21.48,42.58,1,224.68,0.0,21.67,21.67,284.69,0.0,-111
18_30_34_480137,0,0,0.0,0,0.0,0,0,0.0,0,0.0,48.75,13134,60.04,0.0,21.61,42.62,1,224.88,0.0,21.83,21.83,284.92,0.0,-109
18_30_34_510302,0,0,0.0,0,0.0,0,0,0.0,0,0.0,48.72,13119,58.72,0.0,21.19,42.61,0,224.83,0.0,21.82,21.82,283.55,0.0,-109
18_30_34_623753,0,0,0.0,0,0.0,0,0,0.0,0,0.0,51.74,13122,57.47,0.0,21.44,42.59,0,224.85,0.0,21.82,21.82,282.32,0.0,-109
18_30_34_721493,0,0,0.0,0,0.0,0,0,0.0,0,0.0,51.74,13122,57.47,0.0,21.44,42.59,0,224.85,0.0,21.82,21.82,282.32,0.0,-108
18_30_34_848153,0,0,0.0,0,0.0,0,0,0.0,0,0.0,51.74,13123,57.49,0.0,21.19,42.61,0,224.93,0.0,21.82,21.82,282.42,0.0,-108
18_30_34_887050,0,0,0.0,0,0.0,0,0,0.0,0,0.0,51.76,13123,57.52,0.0,21.32,42.61,0,224.93,0.0,21.82,21.82,282.45,0.0,-107
18_30_35_020296,0,0,0.0,0,0.0,0,0,0.0,0,0.0,51.74,13120,57.49,0.0,21.45,45.69,0,225.2,0.0,21.72,21.72,282.69,0.0,-107
18_30_35_098485,0,0,0.0,0,0.0,0,0,0.0,0,0.0,51.74,13120,57.49,0.0,21.45,45.69,0,225.2,0.0,21.72,21.72,282.69,0.0,-108
18_30_35_203205,0,0,0.0,0,0.0,0,0,0.0,0,0.0,51.76,13122,57.47,0.0,21.44,42.65,0,225.15,0.0,21.84,21.84,282.62,0.0,-106
18_30_35_239157,0,0,0.0,0,0.0,0,0,0.0,0,0.0,51.74,13120,57.47,0.0,21.31,42.62,0,224.9,0.0,21.69,21.69,282.37,0.0,-107
18_30_35_352803,0,0,0.0,0,0.0,0,0,0.0,0,0.0,51.76,13122,55.0,0.0,21.18,42.65,0,225.15,0.0,21.71,21.71,280.15,0.0,-107
18_30_35_448568,0,0,0.0,0,0.0,0,0,0.0,0,0.0,51.76,13122,55.0,0.0,21.18,42.65,0,225.15,0.0,21.71,21.71,280.15,0.0,-107
18_30_35_560249,0,0,0.0,0,0.0,0,0,0.0,0,0.0,51.76,13122,57.47,0.0,21.31,42.62,0,224.9,0.0,21.83,21.83,282.37,0.0,-106
18_30_35_658032,0,0,0.0,0,0.0,0,0,0.0,0,0.0,51.79,13132,57.52,0.0,21.2,42.63,0,225.17,0.0,21.85,21.85,282.69,0.0,-106
18_30_35_763706,0,0,0.0,0,0.0,0,0,0.0,0,0.0,51.74,13119,54.97,0.0,21.57,42.65,0,225.2,0.0,21.84,21.84,280.17,0.0,-106
18_30_35_797616,0,0,0.0,0,0.0,0,0,0.0,0,0.0,51.74,13119,54.97,0.0,21.57,42.65,0,225.2,0.0,21.84,21.84,280.17,0.0,-107
18_30_35_908319,0,0,0.0,0,0.0,0,0,0.0,0,0.0,51.76,13123,55.02,0.0,21.58,42.61,0,224.85,0.0,21.82,21.82,279.87,0.0,-108
18_30_36_012043,0,0,0.0,0,0.0,0,0,0.0,0,0.0,51.68,13103,57.42,0.0,21.29,42.65,0,225.17,0.0,21.84,21.84,282.59,0.0,-107
18_30_36_078161,0,0,0.0,0,0.0,0,0,0.0,0,0.0,51.8,13133,57.52,0.0,21.47,0.0,1789,34.57,0.0,0.0,0.0,92.09,0.0,-107
18_30_36_187739,0,0,0.0,0,0.0,0,0,0.0,0,0.0,51.68,13104,57.39,0.0,21.03,0.0,1789,34.57,0.0,0.0,0.0,91.96,0.0,-107
18_30_36_254094,0,0,0.0,0,0.0,0,0,0.0,0,0.0,51.68,13104,57.39,0.0,21.03,42.61,0,224.9,0.0,21.69,21.69,282.29,0.0,-109
18_30_36_363104,0,0,0.0,0,0.0,0,0,0.0,0,0.0,51.7,13106,58.67,0.0,21.16,42.61,0,224.9,0.0,21.69,21.69,283.57,0.0,-107
18_30_36_486775,0,0,0.0,0,0.0,0,0,0.0,0,0.0,51.74,13123,59.97,0.0,21.19,42.63,0,225.0,0.0,21.69,21.69,284.97,0.0,-108
18_30_36_597477,0,0,0.0,0,0.0,0,0,0.0,0,0.0,51.76,13120,59.99,0.0,21.44,42.63,0,224.98,0.0,21.83,21.83,284.97,0.0,-106
18_30_36_624404,0,0,0.0,0,0.0,0,0,0.0,0,0.0,51.76,13120,59.99,0.0,21.44,0.0,0,0.0,0.0,0.0,0.0,59.99,0.0,-108
18_30_36_755056,0,0,0.0,0,0.0,0,0,0.0,0,0.0,51.73,13117,59.97,0.0,21.57,42.66,0,225.15,0.0,21.84,21.84,285.12,0.0,-108
18_30_36_867755,0,0,0.0,0,0.0,0,0,0.0,0,0.0,51.79,13136,60.01,0.0,21.19,42.61,0,224.93,0.0,21.68,21.68,284.94,0.0,-107
18_30_36_904656,0,0,0.0,0,0.0,0,0,0.0,0,0.0,51.74,13117,58.74,0.0,21.05,42.61,0,224.93,0.0,21.68,21.68,283.67,0.0,-109
18_30_37_008379,0,0,0.0,0,0.0,0,0,0.0,0,0.0,51.74,13117,58.74,0.0,21.05,42.65,0,225.2,0.0,21.71,21.71,283.94,0.0,-108
18_30_37_122095,0,0,0.0,0,0.0,0,0,0.0,0,0.0,51.74,13120,58.74,0.0,21.57,14.99,0,79.14,0.0,0.0,0.0,137.88,0.0,-107
18_30_37_171040,0,0,0.0,0,0.0,0,0,0.0,0,0.0,51.7,13109,58.69,0.0,21.03,42.61,0,224.93,0.0,21.69,21.69,283.62,0.0,-108
18_30_37_272670,0,0,0.0,0,0.0,0,0,0.0,0,0.0,51.71,13109,57.44,0.0,21.16,42.61,0,224.93,0.0,21.69,21.69,282.37,0.0,-107
18_30_37_385371,0,0,0.0,0,0.0,0,0,0.0,0,0.0,51.71,13109,57.44,0.0,21.16,42.63,1,224.9,0.0,21.7,21.7,282.34,0.0,-107
18_30_37_431248,0,0,0.0,0,0.0,0,0,0.0,0,0.0,51.82,13136,55.04,0.0,21.46,42.61,0,224.95,0.0,21.68,21.68,279.99,0.0,-107
18_30_37_566951,0,0,0.0,0,0.0,0,0,0.0,0,0.0,51.76,13122,55.0,0.0,21.58,42.65,0,225.24,0.0,21.71,21.71,280.24,0.0,-106
18_30_37_662627,0,0,0.0,0,0.0,0,0,0.0,0,0.0,51.74,13123,55.02,0.0,21.44,42.61,0,224.98,0.0,21.68,21.68,280.0,0.0,-107
18_30_37_756377,0,0,0.0,0,0.0,0,0,0.0,0,0.0,51.74,13123,55.02,0.0,21.44,0.0,1791,34.57,0.0,0.0,0.0,89.59,0.0,-107
18_30_37_802323,0,0,0.0,0,0.0,0,0,0.0,0,0.0,51.74,13120,55.0,0.0,21.31,42.65,0,225.17,0.0,21.85,21.85,280.17,0.0,-109
18_30_37_934936,0,0,0.0,0,0.0,0,0,0.0,0,0.0,51.71,13114,54.97,0.0,21.19,42.61,0,224.9,0.0,21.83,21.83,279.87,0.0,-108
18_30_38_028730,0,0,0.0,0,0.0,0,0,0.0,0,0.0,51.68,13103,54.95,0.0,21.29,42.61,0,224.9,0.0,21.83,21.83,279.85,0.0,-108
18_30_38_063560,0,0,0.0,0,0.0,0,0,0.0,0,0.0,51.68,13132,53.8,0.0,34.46,42.65,0,225.15,0.0,21.71,21.71,278.95,0.0,-108
18_30_38_223130,0,0,0.0,0,0.0,0,0,0.0,0,0.0,51.77,13132,53.8,0.0,21.46,45.66,1,224.85,0.0,21.69,21.69,278.65,0.0,-109
18_30_38_305940,0,0,0.0,0,0.0,0,0,0.0,0,0.0,51.74,13122,53.75,0.0,21.3,42.63,0,225.15,0.0,21.84,21.84,278.9,0.0,-108
18_30_38_393523,0,0,0.0,0,0.0,0,0,0.0,0,0.0,51.74,13119,53.75,0.0,21.19,42.63,0,225.15,0.0,21.84,21.84,278.9,0.0,-109
18_30_38_483674,0,0,0.0,0,0.0,0,0,0.0,0,0.0,51.76,13122,53.72,0.0,21.3,42.61,0,224.83,0.0,21.82,21.82,278.55,0.0,-108
18_30_38_563219,0,0,0.0,0,0.0,0,0,0.0,0,0.0,51.76,13122,53.72,0.0,21.3,42.58,0,224.73,0.0,21.81,21.81,278.45,0.0,-109
18_30_38_661991,0,0,0.0,0,0.0,0,0,0.0,0,0.0,51.74,13123,53.75,0.0,21.3,42.61,0,224.85,0.0,21.68,21.68,278.6,0.0,-107
18_30_38_768671,0,0,0.0,0,0.0,0,0,0.0,0,0.0,51.76,13119,52.5,0.0,21.59,42.61,0,224.85,0.0,21.68,21.68,277.35,0.0,-108
18_30_38_861723,0,0,0.0,0,0.0,0,0,0.0,0,0.0,51.74,13120,52.5,0.0,21.44,42.65,0,225.15,0.0,21.84,21.84,277.65,0.0,-108
18_30_38_948193,0,0,0.0,0,0.0,0,0,0.0,0,0.0,51.74,13120,52.5,0.0,21.44,42.56,1,224.63,0.0,21.82,21.82,277.13,0.0,-108
18_30_39_042939,0,0,0.0,0,0.0,0,0,0.0,0,0.0,51.74,13124,51.25,0.0,21.31,42.65,0,225.15,0.0,21.85,21.85,276.4,0.0,-108
18_30_39_123724,0,0,0.0,0,0.0,0,0,0.0,0,0.0,51.74,13122,52.5,0.0,21.3,42.62,0,224.9,0.0,21.83,21.83,277.4,0.0,-108
18_30_39_158629,0,0,0.0,0,0.0,0,0,0.0,0,0.0,51.79,13132,52.52,0.0,21.32,42.62,0,224.9,0.0,21.83,21.83,277.42,0.0,-109
18_30_39_288283,0,0,0.0,0,0.0,0,0,0.0,0,0.0,51.79,13132,52.52,0.0,21.32,42.65,0,225.15,0.0,21.85,21.85,277.67,0.0,-107
18_30_39_388050,0,0,0.0,0,0.0,0,0,0.0,0,0.0,51.77,13132,52.55,0.0,21.59,42.61,0,224.95,0.0,21.83,21.83,277.5,0.0,-108
18_30_39_507812,0,0,0.0,0,0.0,0,0,0.0,0,0.0,51.74,13119,51.22,0.0,21.44,42.65,0,225.15,0.0,21.85,21.85,276.37,0.0,-108
18_30_39_563548,0,0,0.0,0,0.0,0,0,0.0,0,0.0,51.73,13120,51.25,0.0,21.31,42.65,0,225.15,0.0,21.85,21.85,276.4,0.0,-108
18_30_39_665275,0,0,0.0,0,0.0,0,0,0.0,0,0.0,51.73,13120,51.25,0.0,21.31,42.62,1,224.88,0.0,21.69,21.69,276.13,0.0,-107
18_30_39_734386,0,0,0.0,0,0.0,0,0,0.0,0,0.0,51.68,13106,51.2,0.0,21.42,42.65,1,225.22,0.0,21.85,21.85,276.42,0.0,-108
18_30_39_895390,0,0,0.0,0,0.0,0,0,0.0,0,0.0,51.74,13122,51.27,0.0,21.45,42.65,0,225.17,0.0,21.84,21.84,276.44,0.0,-108
18_30_39_948521,0,0,0.0,0,0.0,0,0,0.0,0,0.0,51.79,13132,51.27,0.0,21.6,42.65,0,225.17,0.0,21.84,21.84,276.44,0.0,-109
18_30_40_072320,0,0,0.0,0,0.0,0,0,0.0,0,0.0,51.79,13132,51.27,0.0,21.6,42.61,0,224.9,0.0,21.82,21.82,276.17,0.0,-108
18_30_40_114076,0,0,0.0,0,0.0,0,0,0.0,0,0.0,51.79,13130,51.27,0.0,21.45,42.62,1,224.93,0.0,21.69,21.69,276.2,0.0,-109
18_30_40_206828,0,0,0.0,0,0.0,0,0,0.0,0,0.0,51.74,13119,51.25,0.0,21.58,42.66,0,225.17,0.0,21.72,21.72,276.42,0.0,-109
18_30_40_248713,0,0,0.0,0,0.0,0,0,0.0,0,0.0,51.74,13122,44.96,0.0,22.09,42.66,0,225.17,0.0,21.72,21.72,270.13,0.0,-109
18_30_40_388379,0,0,0.0,0,0.0,0,0,0.0,0,0.0,54.78,13122,34.97,0.0,22.49,42.62,0,224.98,0.0,21.96,21.96,259.95,0.0,-107
18_30_40_494128,0,0,0.0,0,0.0,0,0,0.0,0,0.0,54.78,13122,34.97,0.0,22.49,42.58,1,224.71,0.0,21.81,21.81,259.68,0.0,-108
18_30_40_551905,0,0,0.0,0,0.0,0,0,0.0,0,0.0,51.79,13132,30.02,0.0,22.37,42.61,0,224.93,0.0,22.09,22.09,254.95,0.0,-109
18_30_40_653945,0,0,0.0,0,0.0,0,0,0.0,0,0.0,51.76,13123,31.22,0.0,22.35,42.61,0,224.93,0.0,22.09,22.09,256.15,0.0,-109
18_30_40_772383,0,0,0.0,0,0.0,0,0,0.0,0,0.0,51.71,13104,31.22,0.0,22.08,42.61,0,224.9,0.0,22.23,22.23,256.12,0.0,-108
18_30_40_947883,0,0,0.0,0,0.0,0,0,0.0,0,0.0,51.73,13120,28.75,0.0,22.48,42.61,0,224.88,0.0,22.22,22.22,253.63,0.0,-108
18_30_42_357077,0,0,0.0,0,0.0,0,0,0.0,0,0.0,51.8,13137,9.99,0.0,22.9,42.62,0,224.9,0.0,22.48,22.48,234.89,0.0,-105
18_30_43_117772,0,0,0.0,0,0.0,0,0,0.0,0,0.0,51.76,14069,1.25,0.0,23.0,42.65,0,225.12,0.0,22.89,22.89,226.37,0.0,-109
18_30_43_325569,0,0,0.0,0,0.0,0,0,0.0,0,0.0,51.76,13466,0.0,0.0,23.13,42.62,0,225.07,0.0,23.02,23.02,225.07,0.0,-105
18_30_43_503016,0,0,0.0,0,0.0,0,0,0.0,0,0.0,51.74,12913,0.0,0.0,23.13,42.59,0,224.88,0.0,23.0,23.0,224.88,0.0,-106
18_30_43_681860,0,0,0.0,0,0.0,0,0,0.0,0,0.0,54.78,12627,0.0,0.0,23.13,42.61,0,224.88,0.0,22.99,22.99,224.88,0.0,-106
18_30_45_905592,0,0,0.0,0,0.0,0,0,0.0,0,0.0,51.77,8300,0.0,0.0,23.25,42.61,1,224.9,0.0,23.13,23.13,224.9,0.0,-105
18_30_46_045223,0,0,0.0,0,0.0,0,0,0.0,0,0.0,54.74,8221,0.0,0.0,23.24,42.61,0,224.88,0.0,23.12,23.12,224.88,0.0,-105
18_30_46_098082,0,0,0.0,0,0.0,0,0,0.0,0,0.0,54.78,7932,0.0,0.0,23.26,42.61,0,224.88,0.0,23.12,23.12,224.88,0.0,-105
18_30_46_165911,0,0,0.0,0,0.0,0,0,0.0,0,0.0,54.78,7590,0.0,0.0,23.26,42.61,0,224.9,0.0,23.11,23.11,224.9,0.0,-106
18_30_46_242916,0,0,0.0,0,0.0,0,0,0.0,0,0.0,54.78,7590,0.0,0.0,23.26,42.56,0,224.68,0.0,23.1,23.1,224.68,0.0,-105
18_30_46_275601,0,0,0.0,0,0.0,0,0,0.0,0,0.0,54.8,7468,0.0,0.0,23.26,42.61,0,224.88,0.0,23.11,23.11,224.88,0.0,-106
18_30_46_419218,0,0,0.0,0,0.0,0,0,0.0,0,0.0,51.7,7310,0.02,0.0,23.25,42.61,1,224.66,0.0,23.11,23.11,224.68,0.0,-105
18_30_46_488036,0,0,0.0,0,0.0,0,0,0.0,0,0.0,54.78,7158,0.0,0.0,23.26,42.59,1,224.66,0.0,23.1,23.1,224.66,0.0,-105
18_30_46_588766,0,0,0.0,0,0.0,0,0,0.0,0,0.0,54.78,7158,0.0,0.0,23.26,42.63,0,225.2,0.0,23.15,23.15,225.2,0.0,-105
18_30_46_652595,0,0,0.0,0,0.0,0,0,0.0,0,0.0,54.86,7018,0.0,0.0,23.27,42.62,0,225.15,0.0,23.13,23.13,225.15,0.0,-104
18_30_46_802195,0,0,0.0,0,0.0,0,0,0.0,0,0.0,54.8,6816,0.0,0.0,23.25,42.61,0,224.93,0.0,23.12,23.12,224.93,0.0,-105
18_30_46_883976,0,0,0.0,0,0.0,0,0,0.0,0,0.0,51.7,6524,0.02,0.0,23.25,42.61,0,224.93,0.0,23.12,23.12,224.95,0.0,-105
18_30_46_964760,0,0,0.0,0,0.0,0,0,0.0,0,0.0,51.7,6397,0.02,0.0,23.25,42.65,0,225.15,0.0,23.15,23.15,225.17,0.0,-104
18_30_47_058510,0,0,0.0,0,0.0,0,0,0.0,0,0.0,51.74,6397,0.0,0.0,23.25,42.61,0,224.83,0.0,23.12,23.12,224.83,0.0,-105
18_30_47_163230,0,0,0.0,0,0.0,0,0,0.0,0,0.0,54.78,6177,0.0,0.0,23.26,42.59,1,224.73,0.0,23.11,23.11,224.73,0.0,-105
18_30_47_216089,0,0,0.0,0,0.0,0,0,0.0,0,0.0,54.8,6064,0.0,0.0,23.25,42.59,1,224.73,0.0,23.11,23.11,224.73,0.0,-105
18_30_47_319014,0,0,0.0,0,0.0,0,0,0.0,0,0.0,54.86,5820,0.0,0.0,23.29,42.62,1,224.9,0.0,23.13,23.13,224.9,0.0,-105
18_30_47_422998,0,0,0.0,0,0.0,0,0,0.0,0,0.0,54.86,5820,0.0,0.0,23.29,42.65,0,225.2,0.0,23.14,23.14,225.2,0.0,-104
18_30_47_489357,0,0,0.0,0,0.0,0,0,0.0,0,0.0,54.8,5837,0.0,0.0,23.25,42.61,0,224.93,0.0,23.13,23.13,224.93,0.0,-104
18_30_47_588093,0,0,0.0,0,0.0,0,0,0.0,0,0.0,54.83,5591,0.0,0.0,23.28,42.61,0,224.93,0.0,23.13,23.13,224.93,0.0,-104
18_30_47_706776,0,0,0.0,0,0.0,0,0,0.0,0,0.0,51.76,5357,0.0,0.0,23.26,42.58,0,224.73,0.0,23.1,23.1,224.73,0.0,-103
18_30_47_764020,0,0,0.0,0,0.0,0,0,0.0,0,0.0,51.76,5357,0.0,0.0,23.26,42.58,0,224.68,0.0,23.1,23.1,224.68,0.0,-103
18_30_47_863359,0,0,0.0,0,0.0,0,0,0.0,0,0.0,54.78,5229,0.0,0.0,23.26,0.0,0,320.0,0.0,0.0,0.0,320.0,0.0,-103
18_30_48_058801,0,0,0.0,0,0.0,0,0,0.0,0,0.0,51.7,5130,0.02,0.0,23.25,0.0,0,320.0,0.0,0.0,0.0,320.02,0.0,-103
18_30_48_087759,0,0,0.0,0,0.0,0,0,0.0,0,0.0,54.86,5006,0.0,0.0,23.29,42.62,0,224.85,0.0,23.11,23.11,224.85,0.0,-103
18_30_48_129647,0,0,0.0,0,0.0,0,0,0.0,0,0.0,54.86,5006,0.0,0.0,23.29,42.65,0,225.2,0.0,23.15,23.15,225.2,0.0,-103
18_30_48_234367,0,0,0.0,0,0.0,0,0,0.0,0,0.0,54.81,4856,0.0,0.0,23.27,42.56,1,224.73,0.0,23.24,23.24,224.73,0.0,-103
18_30_48_408929,0,0,0.0,0,0.0,0,0,0.0,0,0.0,54.8,4703,0.0,0.0,23.26,42.56,1,224.73,0.0,23.24,23.24,224.73,0.0,-103
18_30_48_443806,0,0,0.0,0,0.0,0,0,0.0,0,0.0,51.76,4426,0.0,0.0,23.26,42.61,0,224.88,0.0,23.11,23.11,224.88,0.0,-103
18_30_48_509632,0,0,0.0,0,0.0,0,0,0.0,0,0.0,51.76,4426,0.0,0.0,23.26,42.58,1,224.71,0.0,23.24,23.24,224.71,0.0,-103
18_30_48_605475,0,0,0.0,0,0.0,0,0,0.0,0,0.0,54.78,4347,0.0,0.0,23.39,42.65,0,225.2,0.0,23.28,23.28,225.2,0.0,-104
18_30_48_705108,0,0,0.0,0,0.0,0,0,0.0,0,0.0,54.78,4249,0.0,0.0,23.39,42.65,0,225.2,0.0,23.28,23.28,225.2,0.0,-104
18_30_48_756969,0,0,0.0,0,0.0,0,0,0.0,0,0.0,51.76,4055,0.0,0.0,23.4,42.66,0,225.24,0.0,23.29,23.29,225.24,0.0,-104
18_30_48_874655,0,0,0.0,0,0.0,0,0,0.0,0,0.0,51.76,4055,0.0,0.0,23.4,42.62,0,224.93,0.0,23.27,23.27,224.93,0.0,-104
18_30_48_972502,0,0,0.0,0,0.0,0,0,0.0,0,0.0,54.8,3883,0.0,0.0,23.26,14.16,0,22.16,0.0,0.0,0.0,22.16,0.0,-104
18_30_49_076187,0,0,0.0,0,0.0,0,0,0.0,0,0.0,54.8,3756,0.0,0.0,23.4,14.16,0,22.16,0.0,0.0,0.0,22.16,0.0,-103
18_30_49_133570,0,0,0.0,0,0.0,0,0,0.0,0,0.0,54.81,3599,0.0,0.0,23.4,42.65,0,225.15,0.0,23.27,23.27,225.15,0.0,-103
18_30_49_254639,0,0,0.0,0,0.0,0,0,0.0,0,0.0,54.8,3450,0.0,0.0,23.4,42.62,0,224.83,0.0,23.25,23.25,224.83,0.0,-103
18_30_49_347391,0,0,0.0,0,0.0,0,0,0.0,0,0.0,54.8,3450,0.0,0.0,23.4,42.63,0,225.12,0.0,23.27,23.27,225.12,0.0,-103
18_30_49_408227,0,0,0.0,0,0.0,0,0,0.0,0,0.0,54.8,3322,0.0,0.0,23.4,42.59,0,224.95,0.0,23.25,23.25,224.95,0.0,-103
18_30_49_510954,0,0,0.0,0,0.0,0,0,0.0,0,0.0,54.84,3143,0.0,0.0,23.42,125.3,0,661.78,0.0,83.59,83.59,661.78,0.0,-103
18_30_49_612680,0,0,0.0,0,0.0,0,0,0.0,0,0.0,54.84,2985,0.0,0.0,23.41,42.61,0,224.88,0.0,23.26,23.26,224.88,0.0,-104
18_30_49_678506,0,0,0.0,0,0.0,0,0,0.0,0,0.0,54.84,2985,0.0,0.0,23.41,42.61,0,224.85,0.0,23.25,23.25,224.85,0.0,-103
18_30_49_773252,0,0,0.0,0,0.0,0,0,0.0,0,0.0,54.8,2893,0.0,0.0,23.4,42.61,0,224.85,0.0,23.25,23.25,224.85,0.0,-104
18_30_49_897919,0,0,0.0,0,0.0,0,0,0.0,0,0.0,54.81,2776,0.0,0.0,23.41,42.56,0,224.71,0.0,23.23,23.23,224.71,0.0,-103
18_30_49_960823,0,0,0.0,0,0.0,0,0,0.0,0,0.0,54.78,2629,0.0,0.0,23.4,42.61,0,224.9,0.0,23.26,23.26,224.9,0.0,-103
18_30_50_056556,0,0,0.0,0,0.0,0,0,0.0,0,0.0,54.78,2629,0.0,0.0,23.4,42.61,0,224.88,0.0,23.25,23.25,224.88,0.0,-102
18_30_50_120446,0,0,0.0,0,0.0,0,0,0.0,0,0.0,54.8,2518,0.0,0.0,23.41,42.61,0,224.88,0.0,23.25,23.25,224.88,0.0,-103
18_30_50_268926,0,0,0.0,0,0.0,0,0,0.0,0,0.0,51.76,2369,0.0,0.0,23.4,42.65,0,225.15,0.0,23.27,23.27,225.15,0.0,-103
18_30_50_348714,0,0,0.0,0,0.0,0,0,0.0,0,0.0,54.8,2239,0.0,0.0,23.4,42.58,1,224.73,0.0,23.24,23.24,224.73,0.0,-105
18_30_50_433487,0,0,0.0,0,0.0,0,0,0.0,0,0.0,54.8,2239,0.0,0.0,23.4,42.62,1,224.93,0.0,23.26,23.26,224.93,0.0,-104
18_30_50_522721,0,0,0.0,0,0.0,0,0,0.0,0,0.0,54.81,2086,0.0,0.0,23.4,42.62,1,224.93,0.0,23.26,23.26,224.93,0.0,-104
18_30_50_563141,0,0,0.0,0,0.0,0,0,0.0,0,0.0,54.8,1928,0.0,0.0,23.4,42.65,0,225.17,0.0,23.28,23.28,225.17,0.0,-103
18_30_50_694788,0,0,0.0,0,0.0,0,0,0.0,0,0.0,54.83,1851,0.0,0.0,23.42,45.62,1,224.71,0.0,23.24,23.24,224.71,0.0,-103
18_30_50_801504,0,0,0.0,0,0.0,0,0,0.0,0,0.0,54.83,1851,0.0,0.0,23.42,42.61,0,224.93,0.0,23.26,23.26,224.93,0.0,-103
18_30_50_853457,0,0,0.0,0,0.0,0,0,0.0,0,0.0,54.78,1715,0.0,0.0,23.4,42.61,0,224.93,0.0,23.26,23.26,224.93,0.0,-104
18_30_50_961077,0,0,0.0,0,0.0,0,0,0.0,0,0.0,54.74,1584,0.0,0.0,23.38,45.63,0,224.68,0.0,23.23,23.23,224.68,0.0,-105
18_30_51_081754,0,0,0.0,0,0.0,0,0,0.0,0,0.0,51.74,1479,0.0,0.0,23.41,42.61,0,224.88,0.0,23.27,23.27,224.88,0.0,-103
18_30_51_138602,0,0,0.0,0,0.0,0,0,0.0,0,0.0,51.74,1374,56.42,0.0,23.41,42.63,0,225.15,0.0,23.27,23.27,281.57,0.0,-102
18_30_51_251302,0,0,0.0,0,0.0,0,0,0.0,0,0.0,54.8,1374,0.0,0.0,23.4,42.56,1,224.63,0.0,23.24,23.24,224.63,0.0,-102
18_30_51_357205,0,0,0.0,0,0.0,0,0,0.0,0,0.0,54.8,1215,0.0,0.0,23.4,42.56,1,224.63,0.0,23.24,23.24,224.63,0.0,-103
18_30_51_412869,0,0,0.0,0,0.0,0,0,0.0,0,0.0,54.76,1161,0.0,0.0,23.38,42.62,0,224.83,0.0,23.26,23.26,224.83,0.0,-102
18_30_51_509609,0,0,0.0,0,0.0,0,0,0.0,0,0.0,51.71,1001,0.0,0.0,23.38,42.63,0,225.1,0.0,23.26,23.26,225.1,0.0,-102
18_30_51_621312,0,0,0.0,0,0.0,0,0,0.0,0,0.0,51.71,1001,0.0,0.0,23.38,42.61,0,224.85,0.0,23.25,23.25,224.85,0.0,-102
18_30_51_666227,0,0,0.0,0,0.0,0,0,0.0,0,0.0,54.76,919,0.0,0.0,23.37,42.61,0,224.85,0.0,23.25,23.25,224.85,0.0,-102
18_30_51_789861,0,0,0.0,0,0.0,0,0,0.0,0,0.0,54.8,841,0.0,0.0,23.4,42.56,1,224.71,0.0,23.22,23.22,224.71,0.0,-102
18_30_51_857516,0,0,0.0,0,0.0,0,0,0.0,0,0.0,54.8,741,0.0,0.0,23.4,42.63,0,225.12,0.0,23.27,23.27,225.12,0.0,-102
18_30_52_008282,0,0,0.0,0,0.0,0,0,0.0,0,0.0,54.8,741,0.0,0.0,23.4,42.59,0,224.85,0.0,23.25,23.25,224.85,0.0,-102
18_30_52_080085,0,0,0.0,0,0.0,0,0,0.0,0,0.0,51.77,608,0.0,0.0,23.4,42.59,0,224.85,0.0,23.25,23.25,224.85,0.0,-102
18_30_52_165856,0,0,0.0,0,0.0,0,0,0.0,0,0.0,54.74,608,0.0,0.0,23.37,42.62,1,224.85,0.0,23.26,23.26,224.85,0.0,-102
18_30_52_250629,0,0,0.0,0,0.0,0,0,0.0,0,0.0,54.8,475,0.0,0.0,23.4,42.63,0,225.17,0.0,23.27,23.27,225.17,0.0,-102
18_30_52_343380,0,0,0.0,0,0.0,0,0,0.0,0,0.0,54.8,475,0.0,0.0,23.4,42.61,1,224.93,0.0,23.26,23.26,224.93,0.0,-102
18_30_52_426158,0,0,0.0,0,0.0,0,0,0.0,0,0.0,54.83,475,0.0,0.0,23.41,42.61,1,224.93,0.0,23.26,23.26,224.93,0.0,-102
18_30_52_521902,0,0,0.0,0,0.0,0,0,0.0,0,0.0,54.76,477,0.05,0.0,23.39,42.66,0,225.17,0.0,23.27,23.27,225.22,0.0,-101
18_30_52_579450,0,0,0.0,0,0.0,0,0,0.0,0,0.0,54.8,0,0.02,0.0,23.4,42.65,0,225.22,0.0,23.28,23.28,225.24,0.0,-101
18_30_52_701424,0,0,0.0,0,0.0,0,0,0.0,0,0.0,54.8,0,0.02,0.0,23.4,42.65,0,225.15,0.0,23.27,23.27,225.17,0.0,-102
18_30_52_794174,0,0,0.0,0,0.0,0,0,0.0,0,0.0,54.8,0,0.0,0.0,23.39,42.65,0,225.15,0.0,23.27,23.27,225.15,0.0,-101
18_30_52_902049,0,0,0.0,0,0.0,0,0,0.0,0,0.0,51.82,0,0.0,0.0,23.41,45.71,0,225.1,0.0,23.27,23.27,225.1,0.0,-102
18_30_52_935798,0,0,0.0,0,0.0,0,0,0.0,0,0.0,54.81,0,0.0,0.0,23.4,42.66,0,225.12,0.0,23.28,23.28,225.12,0.0,-103
18_30_53_175156,0,0,0.0,0,0.0,0,0,0.0,0,0.0,0.0,5,0.1,0.0,0.04,0.53,0,224.95,0.0,0.0,0.0,225.05,0.0,-104
18_30_53_308182,0,0,0.0,0,0.0,0,0,0.0,0,0.0,0.06,5,0.1,0.0,0.04,42.62,0,224.98,0.0,16.5,16.5,225.08,0.0,-104
18_30_53_435461,0,0,0.0,0,0.0,0,0,0.0,0,0.0,0.5,5,0.05,0.0,0.35,42.59,0,224.95,0.0,16.25,16.25,225.0,0.0,-105
18_30_53_537189,0,0,0.0,0,0.0,0,0,0.0,0,0.0,54.77,5403,224.95,0.0,15.2,42.61,1,224.95,0.0,21.18,21.18,449.9,0.0,-106
18_30_53_638918,0,0,0.0,0,0.0,0,0,0.0,0,0.0,54.86,9488,222.67,0.0,19.76,42.61,1,224.95,0.0,21.18,21.18,447.62,0.0,-106
18_30_53_688786,0,0,0.0,0,0.0,0,0,0.0,0,0.0,54.8,9074,205.02,0.0,17.54,42.58,1,224.71,0.0,19.08,19.08,429.73,0.0,-106
18_30_53_809478,0,0,0.0,0,0.0,0,0,0.0,0,0.0,54.86,10394,201.42,0.0,20.02,42.65,0,225.15,0.0,19.76,19.76,426.57,0.0,-106
18_30_53_906274,0,0,0.0,0,0.0,0,0,0.0,0,0.0,54.86,10394,201.42,0.0,0.0,42.61,0,224.9,0.0,19.76,19.76,426.32,0.0,-106
18_30_54_339049,0,0,0.0,0,0.0,0,0,0.0,0,0.0,54.8,13217,153.77,0.0,19.36,42.56,0,225.17,0.0,20.25,20.25,378.94,0.0,-104
18_30_54_396970,0,0,0.0,0,0.0,0,0,0.0,0,0.0,54.89,13944,140.16,0.0,19.38,42.65,0,225.17,0.0,19.9,19.9,365.33,0.0,-105
18_30_54_591499,0,0,0.0,0,0.0,0,0,0.0,0,0.0,0.53,14703,0.0,0.0,0.02,42.62,0,224.9,0.0,20.66,20.66,224.9,0.0,-104
18_30_54_780944,0,0,0.0,0,0.0,0,0,0.0,0,0.0,54.78,14280,117.51,0.0,19.76,42.61,0,224.95,0.0,20.78,20.78,342.46,0.0,-104
18_30_54_835800,0,0,0.0,0,0.0,0,0,0.0,0,0.0,54.8,13124,107.49,0.0,20.03,42.61,0,224.95,0.0,20.78,20.78,332.44,0.0,-104
18_30_54_984403,0,0,0.0,0,0.0,0,0,0.0,0,0.0,54.84,13137,93.83,0.0,20.56,42.61,0,224.85,0.0,21.05,21.05,318.68,0.0,-105
18_30_55_134997,0,0,0.0,0,0.0,0,0,0.0,0,0.0,54.78,13127,88.76,0.0,21.19,42.65,0,225.07,0.0,20.93,20.93,313.83,0.0,-104
18_30_55_213825,0,0,0.0,0,0.0,0,0,0.0,0,0.0,54.78,13127,88.76,0.0,21.19,42.65,0,225.07,0.0,20.93,20.93,313.83,0.0,-103
18_30_55_302550,0,0,0.0,0,0.0,0,0,0.0,0,0.0,54.81,13124,85.01,0.0,21.32,42.61,0,224.9,0.0,21.05,21.05,309.91,0.0,-103
18_30_55_384719,0,0,0.0,0,0.0,0,0,0.0,0,0.0,54.78,13124,81.24,0.0,21.3,42.65,0,225.12,0.0,21.08,21.08,306.36,0.0,-104
18_30_55_493040,0,0,0.0,0,0.0,0,0,0.0,0,0.0,54.81,13129,78.8,0.0,21.31,42.62,0,224.85,0.0,21.04,21.04,303.65,0.0,-104
18_30_55_528945,0,0,0.0,0,0.0,0,0,0.0,0,0.0,54.81,13129,78.8,0.0,21.31,42.62,0,224.9,0.0,21.18,21.18,303.7,0.0,-103
18_30_55_629677,0,0,0.0,0,0.0,0,0,0.0,0,0.0,54.76,13112,73.65,0.0,21.43,42.61,0,224.9,0.0,21.18,21.18,298.55,0.0,-104
18_30_55_725419,0,0,0.0,0,0.0,0,0,0.0,0,0.0,57.88,13129,71.25,0.0,21.19,42.62,1,224.9,0.0,21.31,21.31,296.15,0.0,-104
18_30_55_824156,0,0,0.0,0,0.0,0,0,0.0,0,0.0,57.78,13107,67.41,0.0,21.29,42.58,0,224.66,0.0,21.29,21.29,292.07,0.0,-104
18_30_55_933861,0,0,0.0,0,0.0,0,0,0.0,0,0.0,57.78,13107,67.41,0.0,21.29,42.61,0,224.88,0.0,21.3,21.3,292.29,0.0,-105
18_30_56_580137,0,0,0.0,0,0.0,0,0,0.0,0,0.0,57.84,13124,59.99,0.0,21.31,42.63,0,225.1,0.0,21.46,21.46,285.09,0.0,-106
18_30_57_629992,0,0,0.0,0,0.0,0,0,0.0,0,0.0,57.8,13109,52.42,0.0,21.57,42.62,0,224.88,0.0,21.58,21.58,277.3,0.0,-108
18_30_58_207783,0,0,0.0,0,0.0,0,0,0.0,0,0.0,57.84,13124,27.47,0.0,22.48,42.63,0,225.1,0.0,22.23,22.23,252.57,0.0,-111
18_30_58_247274,0,0,0.0,0,0.0,0,0,0.0,0,0.0,60.9,13124,17.51,0.0,22.62,42.63,0,225.1,0.0,22.23,22.23,242.61,0.0,-108
18_30_58_488034,0,0,0.0,0,0.0,0,0,0.0,0,0.0,60.82,13109,6.24,0.0,22.59,42.56,1,224.68,0.0,22.33,22.33,230.92,0.0,-108
18_30_58_709481,0,0,0.0,0,0.0,0,0,0.0,0,0.0,57.84,13127,2.5,0.0,22.74,42.66,0,225.17,0.0,22.5,22.5,227.67,0.0,-107
18_30_59_757640,0,0,0.0,0,0.0,0,0,0.0,0,0.0,60.91,13932,0.0,0.0,22.89,45.68,0,225.12,0.0,22.76,22.76,225.12,0.0,-106
18_30_59_796292,0,0,0.0,0,0.0,0,0,0.0,0,0.0,60.85,13516,0.0,0.0,22.86,134.25,0,208.91,0.0,78.51,78.51,208.91,0.0,-108
18_31_00_061054,0,0,0.0,0,0.0,0,0,0.0,0,0.0,60.84,12612,0.0,0.0,22.87,42.62,0,224.93,0.0,22.74,22.74,224.93,0.0,-107
18_31_00_139775,0,0,0.0,0,0.0,0,0,0.0,0,0.0,60.84,12612,0.0,0.0,22.87,42.62,0,224.93,0.0,22.74,22.74,224.93,0.0,-105
18_31_00_253498,0,0,0.0,0,0.0,0,0,0.0,0,0.0,60.9,12569,0.0,0.0,22.9,42.61,0,224.9,0.0,22.74,22.74,224.9,0.0,-107
18_31_00_314300,0,0,0.0,0,0.0,0,0,0.0,0,0.0,60.85,12225,0.02,0.0,22.86,0.0,0,318.05,0.0,0.0,0.0,318.07,0.0,-105
18_31_00_391129,0,0,0.0,0,0.0,0,0,0.0,0,0.0,60.88,11912,0.0,0.0,22.89,42.63,0,225.07,0.0,22.75,22.75,225.07,0.0,-105
18_31_00_492171,0,0,0.0,0,0.0,0,0,0.0,0,0.0,60.88,11912,0.0,0.0,22.89,42.63,0,225.07,0.0,22.75,22.75,225.07,0.0,-107
18_31_00_587602,0,0,0.0,0,0.0,0,0,0.0,0,0.0,60.91,11596,0.02,0.0,22.89,42.61,1,224.83,0.0,22.74,22.74,224.85,0.0,-106
18_31_00_741157,0,0,0.0,0,0.0,0,0,0.0,0,0.0,60.84,11018,0.0,0.0,22.86,42.61,13117,224.88,0.0,22.86,22.86,224.88,0.0,-107
18_31_00_837159,0,0,0.0,0,0.0,0,0,0.0,0,0.0,60.84,11018,0.0,0.0,22.86,42.65,0,225.15,0.0,22.89,22.89,225.15,0.0,-107
18_31_01_129121,0,0,0.0,0,0.0,0,0,0.0,0,0.0,60.9,10349,0.0,0.0,22.87,42.63,0,225.1,0.0,22.89,22.89,225.1,0.0,-108
18_31_01_217882,0,0,0.0,0,0.0,0,0,0.0,0,0.0,60.91,10201,0.0,0.0,23.02,42.63,0,225.1,0.0,22.89,22.89,225.1,0.0,-106
18_31_01_328587,0,0,0.0,0,0.0,0,0,0.0,0,0.0,60.91,10201,0.0,0.0,23.02,42.63,0,225.12,0.0,22.89,22.89,225.12,0.0,-107
18_31_01_410367,0,0,0.0,0,0.0,0,0,0.0,0,0.0,60.82,10009,0.0,0.0,22.99,0.0,0,0.0,0.0,0.0,0.0,0.0,0.0,-106
18_31_01_446273,0,0,0.0,0,0.0,0,0,0.0,0,0.0,60.91,9914,0.0,0.0,23.02,42.59,0,224.83,0.0,22.86,22.86,224.83,0.0,-107
18_31_01_561270,0,0,0.0,0,0.0,0,0,0.0,0,0.0,60.93,9517,0.02,0.0,23.02,42.59,0,224.83,0.0,22.86,22.86,224.85,0.0,-107
18_31_01_766417,0,0,0.0,0,0.0,0,0,0.0,0,0.0,60.91,9234,0.0,0.0,23.03,42.63,0,225.12,0.0,22.89,22.89,225.12,0.0,-107
18_31_01_920006,0,0,0.0,0,0.0,0,0,0.0,0,0.0,60.88,8931,0.0,0.0,23.01,42.61,1,224.85,0.0,22.87,22.87,224.85,0.0,-105
18_31_02_017745,0,0,0.0,0,0.0,0,0,0.0,0,0.0,60.88,8931,0.0,0.0,23.01,42.61,0,224.88,0.0,22.87,22.87,224.88,0.0,-106
18_31_02_129487,0,0,0.0,0,0.0,0,0,0.0,0,0.0,60.84,8671,0.0,0.0,23.0,42.59,0,224.8,0.0,22.86,22.86,224.8,0.0,-106
18_31_02_220204,0,0,0.0,0,0.0,0,0,0.0,0,0.0,60.97,8582,0.0,0.0,23.02,42.56,1,224.63,0.0,22.85,22.85,224.63,0.0,-107
18_31_02_318318,0,0,0.0,0,0.0,0,0,0.0,0,0.0,60.84,8271,0.0,0.0,22.99,0.01,0,224.85,0.0,22.86,22.86,224.85,0.0,-105
18_31_02_372795,0,0,0.0,0,0.0,0,0,0.0,0,0.0,60.84,8271,0.0,0.0,22.99,42.59,0,224.85,0.0,22.86,22.86,224.85,0.0,-106
18_31_02_473526,0,0,0.0,0,0.0,0,0,0.0,0,0.0,60.82,7942,0.0,0.0,22.98,42.63,0,225.17,0.0,22.9,22.9,225.17,0.0,-107
18_31_02_588501,0,0,0.0,0,0.0,0,0,0.0,0,0.0,60.9,7932,0.0,0.0,23.01,42.65,0,225.15,0.0,22.89,22.89,225.15,0.0,-106
18_31_02_639344,0,0,0.0,0,0.0,0,0,0.0,0,0.0,60.84,7858,0.0,0.0,22.99,42.65,0,225.1,0.0,22.88,22.88,225.1,0.0,-107
18_31_02_762825,0,0,0.0,0,0.0,0,0,0.0,0,0.0,60.84,7858,0.0,0.0,22.99,42.65,0,225.1,0.0,22.88,22.88,225.1,0.0,-107
18_31_02_865577,0,0,0.0,0,0.0,0,0,0.0,0,0.0,60.91,7695,0.0,0.0,23.02,42.56,1,224.73,0.0,22.84,22.84,224.73,0.0,-106
18_31_03_004285,0,0,0.0,0,0.0,0,0,0.0,0,0.0,60.93,7440,0.0,0.0,23.03,42.65,0,225.12,0.0,22.89,22.89,225.12,0.0,-107
18_31_03_045038,0,0,0.0,0,0.0,0,0,0.0,0,0.0,60.91,7287,0.02,0.0,23.01,42.63,0,225.12,0.0,23.03,23.03,225.14,0.0,-107
18_31_03_161686,0,0,0.0,0,0.0,0,0,0.0,0,0.0,60.91,7005,0.02,0.0,23.01,42.63,0,225.12,0.0,23.03,23.03,225.14,0.0,-107
18_31_03_203610,0,0,0.0,0,0.0,0,0,0.0,0,0.0,60.95,7005,0.02,0.0,23.03,42.66,0,225.1,0.0,23.02,23.02,225.12,0.0,-106
18_31_03_315296,0,0,0.0,0,0.0,0,0,0.0,0,0.0,60.9,6750,0.0,0.0,23.02,42.61,1,224.98,0.0,23.01,23.01,224.98,0.0,-106
18_31_03_418180,0,0,0.0,0,0.0,0,0,0.0,0,0.0,60.88,6717,0.0,0.0,23.12,42.63,0,225.15,0.0,23.02,23.02,225.15,0.0,-106
18_31_03_488812,0,0,0.0,0,0.0,0,0,0.0,0,0.0,60.91,6596,0.0,0.0,23.01,42.63,0,225.15,0.0,23.02,23.02,225.15,0.0,-106
18_31_03_589577,0,0,0.0,0,0.0,0,0,0.0,0,0.0,60.91,6596,0.0,0.0,23.01,42.66,0,225.2,0.0,23.02,23.02,225.2,0.0,-106
18_31_03_626447,0,0,0.0,0,0.0,0,0,0.0,0,0.0,60.88,6273,0.0,0.0,23.12,42.63,0,225.17,0.0,23.02,23.02,225.17,0.0,-106
18_31_03_746139,0,0,0.0,0,0.0,0,0,0.0,0,0.0,60.9,6248,0.0,0.0,23.14,42.58,0,224.73,0.0,22.99,22.99,224.73,0.0,-105
18_31_03_845858,0,0,0.0,0,0.0,0,0,0.0,0,0.0,60.91,5926,0.0,0.0,23.14,42.58,0,224.73,0.0,22.99,22.99,224.73,0.0,-106
18_31_03_957582,0,0,0.0,0,0.0,0,0,0.0,0,0.0,60.91,5926,0.0,0.0,23.14,42.61,0,224.9,0.0,23.0,23.0,224.9,0.0,-105
18_31_04_062339,0,0,0.0,0,0.0,0,0,0.0,0,0.0,60.9,5924,0.0,0.0,23.13,42.61,0,224.93,0.0,23.0,23.0,224.93,0.0,-106
18_31_04_119162,0,0,0.0,0,0.0,0,0,0.0,0,0.0,60.91,5633,0.02,0.0,23.14,42.61,0,224.88,0.0,22.99,22.99,224.9,0.0,-106
18_31_04_220237,0,0,0.0,0,0.0,0,0,0.0,0,0.0,60.9,5453,0.0,0.0,23.14,42.61,0,225.32,0.0,22.99,22.99,225.32,0.0,-106
18_31_04_325607,0,0,0.0,0,0.0,0,0,0.0,0,0.0,60.9,5453,0.0,0.0,23.14,42.69,0,225.32,0.0,23.05,23.05,225.32,0.0,-105
18_31_04_379539,0,0,0.0,0,0.0,0,0,0.0,0,0.0,60.84,5400,0.0,0.0,23.11,42.65,0,225.15,0.0,23.02,23.02,225.15,0.0,-105
18_31_04_498649,0,0,0.0,0,0.0,0,0,0.0,0,0.0,60.91,5249,0.0,0.0,23.14,42.61,0,224.9,0.0,22.99,22.99,224.9,0.0,-106
18_31_04_624776,0,0,0.0,0,0.0,0,0,0.0,0,0.0,60.91,5126,0.0,0.0,23.14,42.62,0,224.93,0.0,23.0,23.0,224.93,0.0,-106
18_31_04_666318,0,0,0.0,0,0.0,0,0,0.0,0,0.0,60.91,5126,0.0,0.0,23.14,42.62,0,224.93,0.0,23.0,23.0,224.93,0.0,-107
18_31_04_769417,0,0,0.0,0,0.0,0,0,0.0,0,0.0,60.85,4964,0.0,0.0,23.1,42.59,0,224.85,0.0,23.0,23.0,224.85,0.0,-105
18_31_04_814270,0,0,0.0,0,0.0,0,0,0.0,0,0.0,60.91,4793,0.0,0.0,23.14,42.65,0,225.15,0.0,23.03,23.03,225.15,0.0,-105
18_31_04_933949,0,0,0.0,0,0.0,0,0,0.0,0,0.0,60.91,4592,0.0,0.0,23.13,42.61,0,224.88,0.0,22.99,22.99,224.88,0.0,-106
18_31_05_049639,0,0,0.0,0,0.0,0,0,0.0,0,0.0,60.91,4592,0.0,0.0,23.13,42.61,0,224.88,0.0,22.99,22.99,224.88,0.0,-106
18_31_05_101535,0,0,0.0,0,0.0,0,0,0.0,0,0.0,60.9,4377,0.0,0.0,23.13,42.63,0,225.1,0.0,23.02,23.02,225.1,0.0,-106
18_31_05_219185,0,0,0.0,0,0.0,0,0,0.0,0,0.0,60.91,4285,0.0,0.0,23.12,42.65,0,225.17,0.0,23.02,23.02,225.17,0.0,-105
18_31_05_311939,0,0,0.0,0,0.0,0,0,0.0,0,0.0,60.9,4199,0.0,0.0,23.14,42.63,0,225.12,0.0,23.03,23.03,225.12,0.0,-105
18_31_05_352368,0,0,0.0,0,0.0,0,0,0.0,0,0.0,60.95,4009,0.0,0.0,23.14,42.63,0,225.12,0.0,23.03,23.03,225.12,0.0,-106
18_31_05_490461,0,0,0.0,0,0.0,0,0,0.0,0,0.0,60.95,4009,0.0,0.0,23.14,42.59,0,224.88,0.0,23.0,23.0,224.88,0.0,-105
18_31_05_588237,0,0,0.0,0,0.0,0,0,0.0,0,0.0,60.82,3850,0.02,0.0,23.11,42.65,0,225.15,0.0,23.02,23.02,225.17,0.0,-105
18_31_05_632082,0,0,0.0,0,0.0,0,0,0.0,0,0.0,60.84,3690,0.0,0.0,23.1,42.61,1,224.85,0.0,23.0,23.0,224.85,0.0,-104
18_31_05_739794,0,0,0.0,0,0.0,0,0,0.0,0,0.0,60.84,3616,0.0,0.0,23.11,42.61,1,224.85,0.0,23.0,23.0,224.85,0.0,-106
18_31_05_842549,0,0,0.0,0,0.0,0,0,0.0,0,0.0,60.84,3616,0.0,0.0,23.11,42.62,1,224.93,0.0,23.01,23.01,224.93,0.0,-106
18_31_05_951227,0,0,0.0,0,0.0,0,0,0.0,0,0.0,60.91,3383,0.0,0.0,23.14,42.65,0,225.12,0.0,23.03,23.03,225.12,0.0,-105
18_31_06_060969,0,0,0.0,0,0.0,0,0,0.0,0,0.0,60.84,3329,0.0,0.0,23.11,42.59,0,224.83,0.0,23.0,23.0,224.83,0.0,-105
18_31_06_138507,0,0,0.0,0,0.0,0,0,0.0,0,0.0,60.9,3178,0.0,0.0,23.13,42.59,0,224.83,0.0,23.0,23.0,224.83,0.0,-105
18_31_06_294362,0,0,0.0,0,0.0,0,0,0.0,0,0.0,60.9,3178,0.0,0.0,23.13,42.63,0,225.15,0.0,23.02,23.02,225.15,0.0,-106
18_31_06_369075,0,0,0.0,0,0.0,0,0,0.0,0,0.0,60.9,3006,0.0,0.0,23.12,42.58,1,224.68,0.0,22.99,22.99,224.68,0.0,-106
18_31_06_377091,0,0,0.0,0,0.0,0,0,0.0,0,0.0,0.0,0,0.0,0.0,23.14,42.65,0,225.17,0.0,23.02,23.02,225.17,0.0,-106
18_31_06_478009,0,0,0.0,0,0.0,0,0,0.0,0,0.0,60.95,2773,0.0,0.0,23.15,42.61,0,224.9,0.0,22.99,22.99,224.9,0.0,-107
18_31_06_589655,0,0,0.0,0,0.0,0,0,0.0,0,0.0,60.95,2773,0.0,0.0,23.15,4.73,459,0.0,0.0,3.33,3.33,0.0,0.0,-106
18_31_06_690479,0,0,0.0,0,0.0,0,0,0.0,0,0.0,60.91,2683,0.0,0.0,23.13,42.61,1,224.88,0.0,23.01,23.01,224.88,0.0,-107
18_31_06_792020,0,0,0.0,0,0.0,0,0,0.0,0,0.0,60.97,2533,0.0,0.0,23.15,42.61,1,224.93,0.0,23.01,23.01,224.93,0.0,-106
18_31_06_851821,0,0,0.0,0,0.0,0,0,0.0,0,0.0,60.82,2423,0.0,0.0,23.11,42.61,1,224.93,0.0,23.01,23.01,224.93,0.0,-106
18_31_06_949586,0,0,0.0,0,0.0,0,0,0.0,0,0.0,60.82,2423,0.0,0.0,23.11,42.62,1,224.88,0.0,23.01,23.01,224.88,0.0,-107
18_31_07_058302,0,0,0.0,0,0.0,0,0,0.0,0,0.0,60.91,2303,0.0,0.0,23.13,42.62,0,224.88,0.0,23.0,23.0,224.88,0.0,-106
18_31_07_106141,0,0,0.0,0,0.0,0,0,0.0,0,0.0,60.84,2162,0.0,0.0,23.1,42.65,0,225.15,0.0,23.02,23.02,225.15,0.0,-106
18_31_07_223826,0,0,0.0,0,0.0,0,0,0.0,0,0.0,60.9,2018,0.0,0.0,23.14,42.58,0,224.66,0.0,22.99,22.99,224.66,0.0,-105
18_31_07_326559,0,0,0.0,0,0.0,0,0,0.0,0,0.0,60.9,1896,56.42,0.0,23.14,42.58,0,224.66,0.0,22.99,22.99,281.08,0.0,-105
18_31_07_389382,0,0,0.0,0,0.0,0,0,0.0,0,0.0,60.97,1896,0.0,0.0,23.15,42.65,1,225.12,0.0,23.03,23.03,225.12,0.0,-106
18_31_07_494137,0,0,0.0,0,0.0,0,0,0.0,0,0.0,60.95,1852,0.0,0.0,23.15,42.63,0,225.07,0.0,23.02,23.02,225.07,0.0,-106
18_31_07_601816,0,0,0.0,0,0.0,0,0,0.0,0,0.0,60.91,1706,0.0,0.0,23.14,42.63,0,225.15,0.0,23.02,23.02,225.15,0.0,-106
18_31_07_657668,0,0,0.0,0,0.0,0,0,0.0,0,0.0,60.84,1561,0.02,0.0,23.11,42.63,0,225.15,0.0,23.02,23.02,225.17,0.0,-105
18_31_07_763421,0,0,0.0,0,0.0,0,0,0.0,0,0.0,60.84,1561,0.02,0.0,23.11,42.65,0,225.17,0.0,23.02,23.02,225.19,0.0,-106
18_31_07_888375,0,0,0.0,0,0.0,0,0,0.0,0,0.0,60.9,1495,0.0,0.0,23.13,42.63,0,225.17,0.0,23.14,23.14,225.17,0.0,-105
18_31_07_927979,0,0,0.0,0,0.0,0,0,0.0,0,0.0,60.91,1354,0.0,0.0,23.13,45.66,0,224.9,0.0,23.12,23.12,224.9,0.0,-106
18_31_08_034660,0,0,0.0,0,0.0,0,0,0.0,0,0.0,60.84,1242,0.0,0.0,23.1,45.66,0,224.9,0.0,23.12,23.12,224.9,0.0,-106
18_31_08_198266,0,0,0.0,0,0.0,0,0,0.0,0,0.0,60.84,1242,0.0,0.0,23.1,42.63,0,225.17,0.0,23.02,23.02,225.17,0.0,-105
18_31_08_222158,0,0,0.0,0,0.0,0,0,0.0,0,0.0,60.91,1158,0.02,0.0,23.13,42.63,0,225.07,0.0,23.02,23.02,225.09,0.0,-104
18_31_08_324883,0,0,0.0,0,0.0,0,0,0.0,0,0.0,60.9,1049,0.0,0.0,23.13,42.65,0,225.17,0.0,23.02,23.02,225.17,0.0,-106
18_31_08_370759,0,0,0.0,0,0.0,0,0,0.0,0,0.0,60.9,944,0.0,0.0,23.14,42.65,0,225.17,0.0,23.02,23.02,225.17,0.0,-106
18_31_08_497420,0,0,0.0,0,0.0,0,0,0.0,0,0.0,60.9,944,0.0,0.0,23.14,42.65,0,225.17,0.0,23.03,23.03,225.17,0.0,-105
18_31_08_600149,0,0,0.0,0,0.0,0,0,0.0,0,0.0,60.82,879,0.0,0.0,23.11,42.61,0,224.93,0.0,23.12,23.12,224.93,0.0,-105
18_31_08_697885,0,0,0.0,0,0.0,0,0,0.0,0,0.0,60.85,798,0.0,0.0,23.11,42.58,1,224.71,0.0,22.98,22.98,224.71,0.0,-105
18_31_08_752738,0,0,0.0,0,0.0,0,0,0.0,0,0.0,60.84,685,0.0,0.0,23.11,42.58,1,224.71,0.0,22.98,22.98,224.71,0.0,-106
18_31_08_858456,0,0,0.0,0,0.0,0,0,0.0,0,0.0,60.84,685,0.0,0.0,23.11,42.61,1,224.95,0.0,23.13,23.13,224.95,0.0,-106
18_31_08_965169,0,0,0.0,0,0.0,0,0,0.0,0,0.0,60.91,571,0.0,0.0,23.13,42.65,0,225.17,0.0,23.14,23.14,225.17,0.0,-105
18_31_09_035017,0,0,0.0,0,0.0,0,0,0.0,0,0.0,60.84,569,0.0,0.0,23.11,42.63,0,225.22,0.0,23.14,23.14,225.22,0.0,-104
18_31_09_142696,0,0,0.0,0,0.0,0,0,0.0,0,0.0,60.84,448,0.0,0.0,23.11,45.66,1,224.95,0.0,23.12,23.12,224.95,0.0,-105
18_31_09_258388,0,0,0.0,0,0.0,0,0,0.0,0,0.0,60.84,448,0.0,0.0,23.11,45.66,1,224.95,0.0,23.12,23.12,224.95,0.0,-105
18_31_09_311282,0,0,0.0,0,0.0,0,0,0.0,0,0.0,60.91,448,0.0,0.0,23.13,42.61,0,224.88,0.0,23.11,23.11,224.88,0.0,-105
18_31_09_414970,0,0,0.0,0,0.0,0,0,0.0,0,0.0,60.91,447,0.0,0.0,23.13,45.68,1,224.88,0.0,23.12,23.12,224.88,0.0,-105
18_31_09_519689,0,0,0.0,0,0.0,0,0,0.0,0,0.0,60.95,0,0.0,0.0,23.14,42.56,0,224.73,0.0,23.11,23.11,224.73,0.0,-106
18_31_09_564569,0,0,0.0,0,0.0,0,0,0.0,0,0.0,60.93,0,0.0,0.0,23.13,42.56,0,224.73,0.0,23.11,23.11,224.73,0.0,-105
18_31_09_674276,0,0,0.0,0,0.0,0,0,0.0,0,0.0,60.93,0,0.0,0.0,23.13,42.65,0,225.12,0.0,23.14,23.14,225.12,0.0,-106
18_31_09_794047,0,0,0.0,0,0.0,0,0,0.0,0,0.0,60.9,0,0.0,0.0,23.14,42.65,0,225.17,0.0,23.14,23.14,225.17,0.0,-105
18_31_09_847862,0,0,0.0,0,0.0,0,0,0.0,0,0.0,60.91,0,0.0,0.0,23.14,42.62,1,224.85,0.0,23.12,23.12,224.85,0.0,-105
18_31_09_947545,0,0,0.0,0,0.0,0,0,0.0,0,0.0,60.82,0,0.0,0.0,23.12,42.62,1,224.85,0.0,23.12,23.12,224.85,0.0,-105
18_31_09_997978,0,0,0.0,0,0.0,0,0,0.0,0,0.0,60.82,0,0.0,0.0,23.12,42.65,0,225.17,0.0,23.14,23.14,225.17,0.0,-106
18_31_10_147578,0,0,0.0,0,0.0,0,0,0.0,0,0.0,60.95,0,0.0,0.0,23.14,42.65,0,225.17,0.0,23.14,23.14,225.17,0.0,-105
18_31_10_246384,0,0,0.0,0,0.0,0,0,0.0,0,0.0,60.93,1,0.02,0.0,23.14,42.63,1,224.88,0.0,23.12,23.12,224.9,0.0,-105
18_31_10_286325,0,0,0.0,0,0.0,0,0,0.0,0,0.0,60.91,0,0.0,0.0,23.13,42.63,1,224.88,0.0,23.12,23.12,224.88,0.0,-105
18_31_10_424838,0,0,0.0,0,0.0,0,0,0.0,0,0.0,60.91,0,0.0,0.0,23.13,42.59,1,224.9,0.0,23.12,23.12,224.9,0.0,-105
18_31_10_756990,0,0,0.0,0,0.0,0,0,0.0,0,0.0,60.87,5917,0.88,0.0,0.35,42.63,0,225.12,0.0,23.14,23.14,226.0,0.0,-103
18_31_10_895637,0,0,0.0,0,0.0,0,0,0.0,0,0.0,60.84,1128,7.49,0.0,23.11,42.55,0,224.63,0.0,23.1,23.1,232.12,0.0,-105
18_31_10_991364,0,0,0.0,0,0.0,0,0,0.0,0,0.0,60.85,471,7.47,0.0,23.11,42.61,0,224.83,0.0,23.0,23.0,232.3,0.0,-104
18_31_11_133941,0,0,0.0,0,0.0,0,0,0.0,0,0.0,60.91,469,6.27,0.0,0.0,45.68,0,225.1,0.0,23.01,23.01,231.37,0.0,-105
18_31_11_172890,0,0,0.0,0,0.0,0,0,0.0,0,0.0,60.85,815,11.21,0.0,23.11,42.59,0,224.88,0.0,23.0,23.0,236.09,0.0,-104
18_31_11_276560,0,0,0.0,0,0.0,0,0,0.0,0,0.0,60.85,815,11.21,0.0,23.11,42.59,0,224.88,0.0,23.0,23.0,236.09,0.0,-105
18_31_11_326428,0,0,0.0,0,0.0,0,0,0.0,0,0.0,60.91,1235,12.49,0.0,23.13,42.61,0,224.83,0.0,22.99,22.99,237.32,0.0,-106
18_31_11_431147,0,0,0.0,0,0.0,0,0,0.0,0,0.0,60.94,1551,11.24,0.0,23.14,42.62,0,225.07,0.0,23.01,23.01,236.31,0.0,-105
18_31_11_552821,0,0,0.0,0,0.0,0,0,0.0,0,0.0,60.97,1821,8.72,0.0,23.15,42.59,0,224.83,0.0,23.0,23.0,233.55,0.0,-105
18_31_11_736332,0,0,0.0,0,0.0,0,0,0.0,0,0.0,60.85,2389,101.42,0.0,0.35,0.0,0,225.1,0.0,0.08,0.08,326.52,0.0,-105
18_31_12_273005,0,0,0.0,0,0.0,0,0,0.0,0,0.0,0.53,51,0.88,0.0,0.02,0.0,0,225.15,0.0,22.23,22.23,226.03,0.0,-105
18_31_12_397570,0,0,0.0,0,0.0,0,0,0.0,0,0.0,60.84,4464,27.45,0.0,22.98,42.63,0,225.12,0.0,21.98,21.98,252.57,0.0,-105
18_31_12_502283,0,0,0.0,0,0.0,0,0,0.0,0,0.0,60.84,4794,24.95,0.0,22.99,42.63,0,224.83,0.0,21.98,21.98,249.78,0.0,-105
18_31_12_646012,0,0,0.0,0,0.0,0,0,0.0,0,0.0,60.93,5083,22.5,0.0,23.01,42.61,0,224.83,0.0,22.33,22.33,247.33,0.0,-105
18_31_12_692774,0,0,0.0,0,0.0,0,0,0.0,0,0.0,60.93,5083,22.5,0.0,23.01,14.99,0,79.14,0.0,0.0,0.0,101.64,0.0,-105
18_31_12_788519,0,0,0.0,0,0.0,0,0,0.0,0,0.0,60.97,5353,21.25,0.0,23.03,42.63,0,225.15,0.0,22.75,22.75,246.4,0.0,-106
18_31_12_832401,0,0,0.0,0,0.0,0,0,0.0,0,0.0,60.87,5541,21.23,0.0,22.98,42.63,0,225.15,0.0,22.75,22.75,246.38,0.0,-106
18_31_12_951083,0,0,0.0,0,0.0,0,0,0.0,0,0.0,60.84,5856,22.48,0.0,22.99,42.61,0,224.85,0.0,23.01,23.01,247.33,0.0,-106
18_31_13_052810,0,0,0.0,0,0.0,0,0,0.0,0,0.0,60.84,5856,22.48,0.0,22.99,42.61,0,224.9,0.0,22.23,22.23,247.38,0.0,-107
18_31_13_165598,0,0,0.0,0,0.0,0,0,0.0,0,0.0,60.97,6041,21.23,0.0,23.03,42.61,0,224.93,0.0,22.35,22.35,246.16,0.0,-106
18_31_13_212384,0,0,0.0,0,0.0,0,0,0.0,0,0.0,60.91,6090,21.25,0.0,23.02,42.61,0,224.93,0.0,22.35,22.35,246.18,0.0,-106
18_31_13_328076,0,0,0.0,0,0.0,0,0,0.0,0,0.0,60.91,6460,21.25,0.0,23.02,0.0,1772,33.96,0.0,0.0,0.0,55.21,0.0,-106
18_31_13_428806,0,0,0.0,0,0.0,0,0,0.0,0,0.0,60.91,6460,21.25,0.0,23.02,42.65,0,225.15,0.0,22.11,22.11,246.4,0.0,-107
18_31_13_477676,0,0,0.0,0,0.0,0,0,0.0,0,0.0,60.91,6401,19.98,0.0,23.02,42.59,0,224.85,0.0,22.09,22.09,244.83,0.0,-106
18_31_13_593440,0,0,0.0,0,0.0,0,0,0.0,0,0.0,60.88,6670,21.2,0.0,23.02,42.59,0,224.85,0.0,22.09,22.09,246.05,0.0,-107
18_31_13_700139,0,0,0.0,0,0.0,0,0,0.0,0,0.0,60.81,6711,19.96,0.0,22.99,42.69,0,225.32,0.0,22.91,22.91,245.28,0.0,-106
18_31_13_802840,0,0,0.0,0,0.0,0,0,0.0,0,0.0,60.97,6774,20.0,0.0,23.02,42.59,0,224.8,0.0,22.73,22.73,244.8,0.0,-106
18_31_13_867143,0,0,0.0,0,0.0,0,0,0.0,0,0.0,60.97,6774,20.0,0.0,23.02,42.58,1,224.66,0.0,22.85,22.85,244.66,0.0,-106
18_31_13_979335,0,0,0.0,0,0.0,0,0,0.0,0,0.0,60.84,6993,19.96,0.0,22.99,42.61,0,224.88,0.0,22.86,22.86,244.84,0.0,-106
18_31_14_004519,0,0,0.0,0,0.0,0,0,0.0,0,0.0,60.95,7254,20.0,0.0,23.03,42.61,0,224.88,0.0,22.86,22.86,244.88,0.0,-106
18_31_14_180065,0,0,0.0,0,0.0,0,0,0.0,0,0.0,60.91,7363,20.0,0.0,23.02,45.68,0,225.15,0.0,22.12,22.12,245.15,0.0,-107
18_31_14_216940,0,0,0.0,0,0.0,0,0,0.0,0,0.0,60.91,7363,20.0,0.0,23.02,42.63,0,225.15,0.0,22.89,22.89,245.15,0.0,-107
18_31_14_311698,0,0,0.0,0,0.0,0,0,0.0,0,0.0,60.84,7371,19.96,0.0,22.98,42.63,0,225.1,0.0,22.88,22.88,245.06,0.0,-106
18_31_14_368577,0,0,0.0,0,0.0,0,0,0.0,0,0.0,60.88,7398,16.23,0.0,23.0,42.63,0,225.1,0.0,22.88,22.88,241.33,0.0,-108
18_31_14_473255,0,0,0.0,0,0.0,0,0,0.0,0,0.0,60.91,7630,17.51,0.0,23.01,42.65,0,225.12,0.0,22.23,22.23,242.63,0.0,-107
18_31_14_588946,0,0,0.0,0,0.0,0,0,0.0,0,0.0,60.91,7630,17.51,0.0,23.01,42.58,1,224.73,0.0,22.71,22.71,242.24,0.0,-107
18_31_14_690674,0,0,0.0,0,0.0,0,0,0.0,0,0.0,60.94,7595,17.51,0.0,23.02,42.65,0,225.17,0.0,22.9,22.9,242.68,0.0,-107
18_31_14_797568,0,0,0.0,0,0.0,0,0,0.0,0,0.0,60.91,7865,17.51,0.0,23.03,42.65,0,225.17,0.0,22.9,22.9,242.68,0.0,-107
18_31_14_852283,0,0,0.0,0,0.0,0,0,0.0,0,0.0,60.91,7934,17.48,0.0,23.02,42.63,0,225.15,0.0,22.23,22.23,242.63,0.0,-107
18_31_14_954974,0,0,0.0,0,0.0,0,0,0.0,0,0.0,60.91,7934,17.48,0.0,23.02,42.61,0,224.85,0.0,22.73,22.73,242.33,0.0,-108
18_31_15_053703,0,0,0.0,0,0.0,0,0,0.0,0,0.0,60.93,8047,17.51,0.0,23.01,42.59,1,224.88,0.0,22.87,22.87,242.39,0.0,-107
18_31_15_163446,0,0,0.0,0,0.0,0,0,0.0,0,0.0,60.93,7934,17.51,0.0,23.02,42.59,1,224.88,0.0,22.87,22.87,242.39,0.0,-107
18_31_15_426708,0,0,0.0,0,0.0,0,0,0.0,0,0.0,63.92,7934,101.52,0.0,0.31,42.58,0,224.68,0.0,22.86,22.86,326.2,0.0,-106
18_31_15_531459,0,0,0.0,0,0.0,0,0,0.0,0,0.0,60.91,7932,19.98,0.0,23.01,42.61,0,224.88,0.0,22.2,22.2,244.86,0.0,-106
18_31_15_558548,0,0,0.0,0,0.0,0,0,0.0,0,0.0,60.91,7932,19.98,0.0,23.01,42.63,0,225.15,0.0,22.23,22.23,245.13,0.0,-107
18_31_15_671369,0,0,0.0,0,0.0,0,0,0.0,0,0.0,60.85,8082,17.46,0.0,22.99,42.63,0,225.17,0.0,22.89,22.89,242.63,0.0,-106
18_31_15_714935,0,0,0.0,0,0.0,0,0,0.0,0,0.0,60.84,8315,16.21,0.0,22.99,42.63,0,225.17,0.0,22.89,22.89,241.38,0.0,-108
18_31_15_819694,0,0,0.0,0,0.0,0,0,0.0,0,0.0,60.84,8130,17.48,0.0,22.86,42.61,0,224.9,0.0,22.34,22.34,242.38,0.0,-107
18_31_15_933387,0,0,0.0,0,0.0,0,0,0.0,0,0.0,60.82,8078,17.46,0.0,22.99,42.63,0,225.12,0.0,22.89,22.89,242.58,0.0,-106
18_31_16_063277,0,0,0.0,0,0.0,0,0,0.0,0,0.0,60.82,8078,17.46,0.0,22.99,42.61,1,224.85,0.0,22.87,22.87,242.31,0.0,-106
18_31_16_084947,0,0,0.0,0,0.0,0,0,0.0,0,0.0,60.91,8000,12.51,0.0,23.01,42.61,0,224.88,0.0,22.86,22.86,237.39,0.0,-107
18_31_16_214599,0,0,0.0,0,0.0,0,0,0.0,0,0.0,60.97,7807,2.47,0.0,23.03,42.61,0,224.88,0.0,22.86,22.86,227.35,0.0,-106
18_31_16_316390,0,0,0.0,0,0.0,0,0,0.0,0,0.0,63.89,7604,2.47,0.0,22.99,42.65,0,225.15,0.0,23.01,23.01,227.62,0.0,-107
18_31_16_351294,0,0,0.0,0,0.0,0,0,0.0,0,0.0,63.89,7604,2.47,0.0,22.99,42.65,0,225.12,0.0,23.02,23.02,227.59,0.0,-107
18_31_16_472907,0,0,0.0,0,0.0,0,0,0.0,0,0.0,60.87,7410,2.5,0.0,22.99,42.62,1,224.85,0.0,23.01,23.01,227.35,0.0,-106
18_31_16_569672,0,0,0.0,0,0.0,0,0,0.0,0,0.0,60.95,7181,1.22,0.0,23.03,42.62,1,224.85,0.0,23.01,23.01,226.07,0.0,-107
18_31_16_681351,0,0,0.0,0,0.0,0,0,0.0,0,0.0,60.91,6913,2.47,0.0,23.0,42.63,0,225.17,0.0,23.02,23.02,227.64,0.0,-107
18_31_16_783078,0,0,0.0,0,0.0,0,0,0.0,0,0.0,60.91,6913,2.47,0.0,23.0,42.65,0,225.15,0.0,23.02,23.02,227.62,0.0,-107
18_31_16_843916,0,0,0.0,0,0.0,0,0,0.0,0,0.0,60.84,6634,2.47,0.0,23.1,42.62,0,225.12,0.0,23.03,23.03,227.59,0.0,-107
18_31_17_008884,0,0,0.0,0,0.0,0,0,0.0,0,0.0,63.88,6616,2.47,0.0,23.1,42.62,0,225.12,0.0,23.03,23.03,227.59,0.0,-107
18_31_17_043791,0,0,0.0,0,0.0,0,0,0.0,0,0.0,60.9,6248,2.47,0.0,23.12,42.61,0,224.93,0.0,23.0,23.0,227.4,0.0,-106
18_31_17_137505,0,0,0.0,0,0.0,0,0,0.0,0,0.0,60.9,6248,2.47,0.0,23.12,42.62,1,224.9,0.0,23.0,23.0,227.37,0.0,-107
18_31_17_187369,0,0,0.0,0,0.0,0,0,0.0,0,0.0,60.93,6143,2.5,0.0,23.14,42.61,0,224.85,0.0,22.99,22.99,227.35,0.0,-107
18_31_17_307075,0,0,0.0,0,0.0,0,0,0.0,0,0.0,63.95,5861,2.5,0.0,23.13,42.61,0,224.85,0.0,22.99,22.99,227.35,0.0,-107
18_31_17_410771,0,0,0.0,0,0.0,0,0,0.0,0,0.0,63.95,5863,2.5,0.0,23.13,42.62,0,224.88,0.0,23.0,23.0,227.38,0.0,-106
18_31_17_450666,0,0,0.0,0,0.0,0,0,0.0,0,0.0,63.95,5863,2.5,0.0,23.13,42.62,0,224.88,0.0,22.99,22.99,227.38,0.0,-106
18_31_17_553390,0,0,0.0,0,0.0,0,0,0.0,0,0.0,60.93,5589,2.52,0.0,23.14,42.59,0,224.9,0.0,22.99,22.99,227.42,0.0,-106
18_31_17_655119,0,0,0.0,0,0.0,0,0,0.0,0,0.0,64.01,5334,2.5,0.0,23.15,42.59,0,224.9,0.0,22.99,22.99,227.4,0.0,-107
18_31_17_766003,0,0,0.0,0,0.0,0,0,0.0,0,0.0,63.97,5166,2.5,0.0,23.14,42.62,0,225.15,0.0,23.01,23.01,227.65,0.0,-106
18_31_17_869545,0,0,0.0,0,0.0,0,0,0.0,0,0.0,63.97,5049,2.47,0.0,23.14,45.68,0,225.15,0.0,23.03,23.03,227.62,0.0,-106
18_31_17_899495,0,0,0.0,0,0.0,0,0,0.0,0,0.0,63.89,5049,2.47,0.0,23.12,42.65,0,225.12,0.0,23.03,23.03,227.59,0.0,-106
18_31_18_002191,0,0,0.0,0,0.0,0,0,0.0,0,0.0,63.94,4857,2.47,0.0,23.13,42.65,0,224.85,0.0,23.0,23.0,227.32,0.0,-106
18_31_18_132877,0,0,0.0,0,0.0,0,0,0.0,0,0.0,63.89,4699,2.47,0.0,23.1,42.59,0,224.85,0.0,23.0,23.0,227.32,0.0,-106
18_31_18_224631,0,0,0.0,0,0.0,0,0,0.0,0,0.0,63.97,4432,2.5,0.0,23.12,42.62,1,224.88,0.0,22.99,22.99,227.38,0.0,-107
18_31_18_353290,0,0,0.0,0,0.0,0,0,0.0,0,0.0,63.97,4432,2.5,0.0,23.12,42.62,0,225.1,0.0,23.02,23.02,227.6,0.0,-106
18_31_18_399130,0,0,0.0,0,0.0,0,0,0.0,0,0.0,63.95,4313,2.5,0.0,23.14,42.62,0,225.1,0.0,23.02,23.02,227.6,0.0,-106
18_31_18_565735,0,0,0.0,0,0.0,0,0,0.0,0,0.0,63.88,4189,1.22,0.0,23.12,42.63,0,225.15,0.0,23.02,23.02,226.37,0.0,-106
18_31_18_611568,0,0,0.0,0,0.0,0,0,0.0,0,0.0,63.95,3936,1.22,0.0,23.13,42.59,0,224.83,0.0,23.0,23.0,226.05,0.0,-106
18_31_18_668086,0,0,0.0,0,0.0,0,0,0.0,0,0.0,63.95,3936,1.22,0.0,23.13,42.56,1,224.63,0.0,22.98,22.98,225.85,0.0,-106
18_31_18_833973,0,0,0.0,0,0.0,0,0,0.0,0,0.0,63.97,3813,1.25,0.0,23.13,42.65,0,225.1,0.0,23.02,23.02,226.35,0.0,-105
18_31_18_901786,0,0,0.0,0,0.0,0,0,0.0,0,0.0,63.89,3665,1.22,0.0,23.11,42.65,0,225.1,0.0,23.02,23.02,226.32,0.0,-106
18_31_18_971601,0,0,0.0,0,0.0,0,0,0.0,0,0.0,64.01,3503,1.25,0.0,23.15,42.62,0,225.15,0.0,23.03,23.03,226.4,0.0,-105
18_31_19_033434,0,0,0.0,0,0.0,0,0,0.0,0,0.0,64.01,3503,1.25,0.0,23.15,42.59,0,224.68,0.0,22.98,22.98,225.93,0.0,-106
18_31_19_140610,0,0,0.0,0,0.0,0,0,0.0,0,0.0,63.94,3282,1.25,0.0,23.13,42.65,0,225.12,0.0,23.03,23.03,226.37,0.0,-106
18_31_19_176055,0,0,0.0,0,0.0,0,0,0.0,0,0.0,63.88,3215,1.22,0.0,23.1,42.65,0,225.12,0.0,23.03,23.03,226.34,0.0,-106
18_31_19_310154,0,0,0.0,0,0.0,0,0,0.0,0,0.0,63.89,3085,1.22,0.0,23.11,42.62,0,224.9,0.0,23.01,23.01,226.12,0.0,-106
18_31_19_408430,0,0,0.0,0,0.0,0,0,0.0,0,0.0,63.89,3085,1.22,0.0,23.11,42.61,1,224.9,0.0,23.01,23.01,226.12,0.0,-107
18_31_19_501182,0,0,0.0,0,0.0,0,0,0.0,0,0.0,63.89,2919,1.27,0.0,23.12,42.63,0,225.15,0.0,23.03,23.03,226.42,0.0,-106
18_31_19_599953,0,0,0.0,0,0.0,0,0,0.0,0,0.0,63.88,2718,1.27,0.0,23.11,42.63,0,225.15,0.0,23.03,23.03,226.42,0.0,-107
18_31_19_636819,0,0,0.0,0,0.0,0,0,0.0,0,0.0,63.88,2545,1.27,0.0,23.11,42.63,0,225.07,0.0,23.02,23.02,226.34,0.0,-105
18_31_19_763634,0,0,0.0,0,0.0,0,0,0.0,0,0.0,63.88,2545,1.27,0.0,23.11,42.63,0,225.12,0.0,23.02,23.02,226.39,0.0,-106
18_31_19_868201,0,0,0.0,0,0.0,0,0,0.0,0,0.0,63.97,2422,1.25,0.0,23.13,42.63,0,225.15,0.0,23.02,23.02,226.4,0.0,-106
18_31_19_908136,0,0,0.0,0,0.0,0,0,0.0,0,0.0,63.94,2229,1.25,0.0,23.13,42.63,0,225.15,0.0,23.02,23.02,226.4,0.0,-106
18_31_20_018839,0,0,0.0,0,0.0,0,0,0.0,0,0.0,63.95,2108,1.27,0.0,23.14,42.62,0,225.17,0.0,23.02,23.02,226.44,0.0,-106
18_31_20_192340,0,0,0.0,0,0.0,0,0,0.0,0,0.0,63.94,2053,1.25,0.0,23.13,42.65,0,225.12,0.0,23.02,23.02,226.37,0.0,-106
18_31_20_218300,0,0,0.0,0,0.0,0,0,0.0,0,0.0,63.94,2053,1.25,0.0,23.13,42.61,0,224.83,0.0,22.98,22.98,226.08,0.0,-106
18_31_20_316038,0,0,0.0,0,0.0,0,0,0.0,0,0.0,63.89,1908,1.27,0.0,23.11,42.61,0,224.83,0.0,22.98,22.98,226.1,0.0,-105
18_31_20_417732,0,0,0.0,0,0.0,0,0,0.0,0,0.0,63.88,1724,1.27,0.0,23.11,42.65,0,225.07,0.0,23.02,23.02,226.34,0.0,-104
18_31_20_460617,0,0,0.0,0,0.0,0,0,0.0,0,0.0,63.95,1609,1.25,0.0,23.14,42.62,0,225.17,0.0,23.02,23.02,226.42,0.0,-103
18_31_20_594294,0,0,0.0,0,0.0,0,0,0.0,0,0.0,63.95,1609,1.25,0.0,23.14,42.63,0,225.15,0.0,23.02,23.02,226.4,0.0,-103
18_31_20_641244,0,0,0.0,0,0.0,0,0,0.0,0,0.0,63.98,1512,1.22,0.0,23.15,42.63,1,224.95,0.0,23.02,23.02,226.17,0.0,-104
18_31_20_772817,0,0,0.0,0,0.0,0,0,0.0,0,0.0,63.97,1354,1.25,0.0,23.27,42.61,1,224.95,0.0,23.01,23.01,226.2,0.0,-103
18_31_20_869563,0,0,0.0,0,0.0,0,0,0.0,0,0.0,63.97,1252,1.27,0.0,23.14,42.69,0,225.27,0.0,23.03,23.03,226.54,0.0,-103
18_31_20_897203,0,0,0.0,0,0.0,0,0,0.0,0,0.0,63.97,1252,1.27,0.0,23.14,42.59,0,224.83,0.0,23.01,23.01,226.1,0.0,-102
18_31_21_054759,0,0,0.0,0,0.0,0,0,0.0,0,0.0,63.89,1145,1.27,0.0,23.11,42.69,0,225.34,0.0,23.03,23.03,226.61,0.0,-102
18_31_21_149508,0,0,0.0,0,0.0,0,0,0.0,0,0.0,63.92,1012,1.27,0.0,23.11,42.69,0,225.34,0.0,23.03,23.03,226.61,0.0,-102
18_31_21_220999,0,0,0.0,0,0.0,0,0,0.0,0,0.0,63.91,906,1.22,0.0,23.1,42.62,1,224.88,0.0,22.99,22.99,226.1,0.0,-103
18_31_21_320155,0,0,0.0,0,0.0,0,0,0.0,0,0.0,63.91,906,1.22,0.0,23.1,42.65,0,225.12,0.0,23.01,23.01,226.34,0.0,-102
18_31_21_352104,0,0,0.0,0,0.0,0,0,0.0,0,0.0,63.97,799,1.25,0.0,23.14,42.61,0,224.9,0.0,23.0,23.0,226.15,0.0,-102
18_31_21_562550,0,0,0.0,0,0.0,0,0,0.0,0,0.0,63.94,704,1.25,0.0,23.13,42.61,0,224.9,0.0,23.0,23.0,226.15,0.0,-102
18_31_21_595377,0,0,0.0,0,0.0,0,0,0.0,0,0.0,63.88,572,1.22,0.0,23.1,45.66,1,224.88,0.0,23.0,23.0,226.1,0.0,-103
18_31_21_688167,0,0,0.0,0,0.0,0,0,0.0,0,0.0,63.88,572,1.22,0.0,23.1,42.61,0,224.9,0.0,23.0,23.0,226.12,0.0,-102
18_31_21_761073,0,0,0.0,0,0.0,0,0,0.0,0,0.0,64.01,574,1.22,0.0,23.16,42.59,0,224.88,0.0,22.99,22.99,226.1,0.0,-102
18_31_21_891625,0,0,0.0,0,0.0,0,0,0.0,0,0.0,63.89,0,1.27,0.0,23.11,42.59,0,224.88,0.0,22.99,22.99,226.15,0.0,-102
18_31_21_913528,0,0,0.0,0,0.0,0,0,0.0,0,0.0,63.98,0,1.25,0.0,23.14,42.56,0,224.66,0.0,23.11,23.11,225.91,0.0,-103
18_31_22_102025,0,0,0.0,0,0.0,0,0,0.0,0,0.0,63.98,1,1.25,0.0,23.13,42.59,1,224.83,0.0,23.11,23.11,226.08,0.0,-103
18_31_22_136968,0,0,0.0,0,0.0,0,0,0.0,0,0.0,63.95,1,1.25,0.0,23.13,42.62,0,225.1,0.0,23.13,23.13,226.35,0.0,-102
18_31_22_228709,0,0,0.0,0,0.0,0,0,0.0,0,0.0,63.95,1,1.25,0.0,23.14,42.62,0,225.1,0.0,23.13,23.13,226.35,0.0,-103
18_31_22_282542,0,0,0.0,0,0.0,0,0,0.0,0,0.0,63.89,1,1.27,0.0,23.11,42.63,0,225.12,0.0,23.15,23.15,226.39,0.0,-103
18_31_22_388260,0,0,0.0,0,0.0,0,0,0.0,0,0.0,63.89,1,1.22,0.0,23.11,42.63,0,225.1,0.0,23.14,23.14,226.32,0.0,-103
18_31_22_496965,0,0,0.0,0,0.0,0,0,0.0,0,0.0,63.89,1,1.22,0.0,23.11,42.62,0,225.15,0.0,23.13,23.13,226.37,0.0,-103
18_31_22_592283,0,0,0.0,0,0.0,0,0,0.0,0,0.0,63.97,0,1.25,0.0,23.15,42.62,13133,225.15,0.0,23.13,23.13,226.4,0.0,-103
18_31_22_692442,0,0,0.0,0,0.0,0,0,0.0,0,0.0,63.94,0,1.25,0.0,23.14,42.62,1,224.85,0.0,23.12,23.12,226.1,0.0,-103
18_31_22_732401,0,0,0.0,0,0.0,0,0,0.0,0,0.0,63.89,1,1.22,0.0,23.11,45.66,1,224.83,0.0,23.12,23.12,226.05,0.0,-103
18_31_22_856007,0,0,0.0,0,0.0,0,0,0.0,0,0.0,63.89,1,1.22,0.0,23.11,42.65,1,225.12,0.0,23.14,23.14,226.34,0.0,-103
18_31_22_952807,0,0,0.0,0,0.0,0,0,0.0,0,0.0,63.97,0,1.22,0.0,23.14,42.63,0,225.12,0.0,23.14,23.14,226.34,0.0,-103
18_31_22_995636,0,0,0.0,0,0.0,0,0,0.0,0,0.0,63.97,0,1.22,0.0,23.13,42.63,0,225.12,0.0,23.14,23.14,226.34,0.0,-103
18_31_23_184169,0,0,0.0,0,0.0,0,0,0.0,0,0.0,63.98,0,1.27,0.0,23.14,42.61,0,224.88,0.0,23.12,23.12,226.15,0.0,-103
18_31_23_200169,0,0,0.0,0,0.0,0,0,0.0,0,0.0,63.98,0,1.27,0.0,23.14,45.65,0,224.83,0.0,23.11,23.11,226.1,0.0,-103
18_31_23_305803,0,0,0.0,0,0.0,0,0,0.0,0,0.0,63.89,0,1.22,0.0,23.11,42.62,1,224.88,0.0,23.12,23.12,226.1,0.0,-103
18_31_23_416507,0,0,0.0,0,0.0,0,0,0.0,0,0.0,63.98,0,1.25,0.0,23.14,42.62,1,224.88,0.0,23.12,23.12,226.13,0.0,-103
18_31_23_470363,0,0,0.0,0,0.0,0,0,0.0,0,0.0,63.89,0,1.22,0.0,23.12,42.63,0,225.15,0.0,23.15,23.15,226.37,0.0,-103
18_31_23_579073,0,0,0.0,0,0.0,0,0,0.0,0,0.0,63.89,0,1.22,0.0,23.12,42.61,0,224.9,0.0,23.13,23.13,226.12,0.0,-103
18_31_23_688942,0,0,0.0,0,0.0,0,0,0.0,0,0.0,63.97,0,1.27,0.0,23.13,42.55,0,224.66,0.0,23.1,23.1,225.93,0.0,-102
18_31_23_790542,0,0,0.0,0,0.0,0,0,0.0,0,0.0,64.01,0,0.0,0.0,23.15,42.55,0,224.66,0.0,23.1,23.1,224.66,0.0,-103
18_31_23_865994,0,0,0.0,0,0.0,0,0,0.0,0,0.0,63.97,0,1.25,0.0,23.14,42.65,0,225.07,0.0,23.14,23.14,226.32,0.0,-103
18_31_23_961054,0,0,0.0,0,0.0,0,0,0.0,0,0.0,63.97,0,1.25,0.0,23.14,42.61,0,224.88,0.0,23.13,23.13,226.13,0.0,-103
18_31_24_068002,0,0,0.0,0,0.0,0,0,0.0,0,0.0,63.92,0,1.22,0.0,23.12,42.56,0,22.18,0.0,23.1,23.1,23.4,0.0,-103
18_31_24_133615,0,0,0.0,0,0.0,0,0,0.0,0,0.0,63.95,0,1.25,0.0,23.14,14.18,0,22.18,0.0,0.0,0.0,23.43,0.0,-103
18_31_24_235500,0,0,0.0,0,0.0,0,0,0.0,0,0.0,63.95,0,1.25,0.0,23.14,42.62,0,224.83,0.0,23.12,23.12,226.08,0.0,-103
18_31_24_345060,0,0,0.0,0,0.0,0,0,0.0,0,0.0,63.95,0,1.22,0.0,23.13,42.59,1,224.85,0.0,23.12,23.12,226.07,0.0,-103
18_31_24_403917,0,0,0.0,0,0.0,0,0,0.0,0,0.0,63.95,0,1.22,0.0,23.13,45.63,0,224.85,0.0,23.11,23.11,226.07,0.0,-103
18_31_24_579440,0,0,0.0,0,0.0,0,0,0.0,0,0.0,63.88,0,1.22,0.0,23.11,45.68,1,225.12,0.0,23.14,23.14,226.34,0.0,-103
18_31_24_615307,0,0,0.0,0,0.0,0,0,0.0,0,0.0,63.95,0,1.22,0.0,23.14,0.0,18,0.0,0.0,0.0,0.0,1.22,0.0,-103
18_31_24_671410,0,0,0.0,0,0.0,0,0,0.0,0,0.0,63.97,0,0.0,0.0,23.14,42.65,0,225.1,0.0,23.15,23.15,225.1,0.0,-103
18_31_24_834612,0,0,0.0,0,0.0,0,0,0.0,0,0.0,63.97,0,0.0,0.0,23.14,42.65,0,224.63,0.0,23.1,23.1,224.63,0.0,-103
18_31_24_877615,0,0,0.0,0,0.0,0,0,0.0,0,0.0,63.89,0,1.27,0.0,23.12,42.55,0,224.63,0.0,23.1,23.1,225.9,0.0,-103
18_31_24_965387,0,0,0.0,0,0.0,0,0,0.0,0,0.0,63.88,0,1.27,0.0,23.11,42.65,0,225.1,0.0,23.14,23.14,226.37,0.0,-103
18_31_25_020283,0,0,0.0,0,0.0,0,0,0.0,0,0.0,63.86,0,1.22,0.0,23.11,42.59,0,224.83,0.0,23.11,23.11,226.05,0.0,-103
18_31_25_123980,0,0,0.0,0,0.0,0,0,0.0,0,0.0,63.86,0,1.22,0.0,23.11,42.59,0,224.83,0.0,23.11,23.11,226.05,0.0,-103
18_31_25_235677,0,0,0.0,0,0.0,0,0,0.0,0,0.0,63.88,0,1.22,0.0,23.11,42.62,0,224.93,0.0,23.12,23.12,226.15,0.0,-103
18_31_25_269586,0,0,0.0,0,0.0,0,0,0.0,0,0.0,63.98,0,1.22,0.0,23.15,42.61,0,224.88,0.0,23.11,23.11,226.1,0.0,-104
18_31_25_415164,0,0,0.0,0,0.0,0,0,0.0,0,0.0,63.94,0,1.25,0.0,23.13,42.65,0,225.1,0.0,23.14,23.14,226.35,0.0,-103
18_31_25_521912,0,0,0.0,0,0.0,0,0,0.0,0,0.0,63.94,0,1.25,0.0,23.13,42.61,1,224.85,0.0,23.13,23.13,226.1,0.0,-103
18_31_25_601589,0,0,0.0,0,0.0,0,0,0.0,0,0.0,63.94,0,0.0,0.0,23.13,42.61,1,224.85,0.0,23.13,23.13,224.85,0.0,-103
18_31_25_695416,0,0,0.0,0,0.0,0,0,0.0,0,0.0,64.03,0,0.0,0.0,23.15,42.59,1,224.83,0.0,23.11,23.11,224.83,0.0,-103
18_31_25_751370,0,0,0.0,0,0.0,0,0,0.0,0,0.0,63.88,1,1.22,0.0,23.11,42.61,0,224.88,0.0,23.12,23.12,226.1,0.0,-103
18_31_25_924294,0,0,0.0,0,0.0,0,0,0.0,0,0.0,63.88,1,1.22,0.0,23.11,42.59,1,224.8,0.0,23.11,23.11,226.02,0.0,-102
18_31_25_939829,0,0,0.0,0,0.0,0,0,0.0,0,0.0,63.94,0,1.25,0.0,23.14,42.59,1,224.8,0.0,23.11,23.11,226.05,0.0,-103
18_31_26_062497,0,0,0.0,0,0.0,0,0,0.0,0,0.0,63.95,1,0.0,0.0,23.14,42.61,1,224.83,0.0,23.11,23.11,224.83,0.0,-103
18_31_26_129255,0,0,0.0,0,0.0,0,0,0.0,0,0.0,63.94,0,1.25,0.0,23.13,42.62,0,225.05,0.0,23.14,23.14,226.3,0.0,-102
18_31_26_229332,0,0,0.0,0,0.0,0,0,0.0,0,0.0,63.86,0,1.22,0.0,23.1,42.65,1,225.12,0.0,23.14,23.14,226.34,0.0,-103
18_31_26_271915,0,0,0.0,0,0.0,0,0,0.0,0,0.0,63.86,0,1.22,0.0,23.1,42.65,1,225.12,0.0,23.14,23.14,226.34,0.0,-104
18_31_26_414493,0,0,0.0,0,0.0,0,0,0.0,0,0.0,63.97,1,1.25,0.0,23.26,42.61,0,224.85,0.0,23.12,23.12,226.1,0.0,-104
18_31_26_512230,0,0,0.0,0,0.0,0,0,0.0,0,0.0,64.0,0,1.22,0.0,23.15,42.61,0,224.85,0.0,23.11,23.11,226.07,0.0,-105
18_31_26_612962,0,0,0.0,0,0.0,0,0,0.0,0,0.0,63.95,0,1.22,0.0,23.13,42.61,1,224.83,0.0,23.12,23.12,226.05,0.0,-105
18_31_26_656847,0,0,0.0,0,0.0,0,0,0.0,0,0.0,63.95,0,1.22,0.0,23.13,42.61,1,224.83,0.0,23.12,23.12,226.05,0.0,-105
18_31_26_781198,0,0,0.0,0,0.0,0,0,0.0,0,0.0,63.95,0,1.25,0.0,23.14,45.69,0,225.15,0.0,23.14,23.14,226.4,0.0,-106
18_31_26_879285,0,0,0.0,0,0.0,0,0,0.0,0,0.0,63.89,0,1.27,0.0,23.12,42.59,0,224.83,0.0,23.12,23.12,226.1,0.0,-105
18_31_26_942206,0,0,0.0,0,0.0,0,0,0.0,0,0.0,64.0,0,1.22,0.0,23.16,42.62,0,225.1,0.0,23.13,23.13,226.32,0.0,-105
18_31_27_104858,0,0,0.0,0,0.0,0,0,0.0,0,0.0,64.0,0,1.22,0.0,23.16,42.62,0,225.1,0.0,23.13,23.13,226.32,0.0,-105
18_31_27_132624,0,0,0.0,0,0.0,0,0,0.0,0,0.0,63.94,0,0.0,0.0,23.13,45.63,0,224.85,0.0,23.11,23.11,224.85,0.0,-104
18_31_27_301126,0,0,0.0,0,0.0,0,0,0.0,0,0.0,63.95,0,1.25,0.0,23.14,42.58,0,224.8,0.0,23.1,23.1,226.05,0.0,-104
18_31_27_375924,0,0,0.0,0,0.0,0,0,0.0,0,0.0,64.01,0,1.22,0.0,23.15,42.59,0,224.78,0.0,23.11,23.11,226.0,0.0,-104
18_31_27_385713,0,0,0.0,0,0.0,0,0,0.0,0,0.0,64.01,0,1.22,0.0,23.15,42.59,0,225.05,0.0,23.11,23.11,226.27,0.0,-104
18_31_27_543475,0,0,0.0,0,0.0,0,0,0.0,0,0.0,64.01,0,1.22,0.0,23.15,42.62,0,225.05,0.0,23.12,23.12,226.27,0.0,-104
18_31_27_590389,0,0,0.0,0,0.0,0,0,0.0,0,0.0,63.95,0,1.25,0.0,23.26,45.68,0,225.1,0.0,23.14,23.14,226.35,0.0,-104
18_31_27_754911,0,0,0.0,0,0.0,0,0,0.0,0,0.0,63.97,0,1.25,0.0,23.13,42.61,0,224.85,0.0,23.12,23.12,226.1,0.0,-105
18_31_27_820769,0,0,0.0,0,0.0,0,0,0.0,0,0.0,63.97,0,1.25,0.0,23.13,42.63,0,225.05,0.0,23.15,23.15,226.3,0.0,-104
18_31_27_896986,0,0,0.0,0,0.0,0,0,0.0,0,0.0,63.95,1,1.25,0.0,23.14,42.63,0,225.05,0.0,23.15,23.15,226.3,0.0,-104
18_31_27_998297,0,0,0.0,0,0.0,0,0,0.0,0,0.0,64.01,0,1.22,0.0,23.15,45.66,1,224.88,0.0,23.12,23.12,226.1,0.0,-104
